54750.00	5.475000E+04	0.1706395844	5.7929669764	9.018543E+08	3.029727E-08	3.141923E+06	4.129870E+04	694.0083967605	24.9855707551	4.2044046301	-2.441401E-10	0.0023396059	-0.0024469851	-7.143765E-10	0.0068457544	-0.0071602620	2.9260927341	2.9260288384	2.9261567864	490.0000000000
109500.00	1.095000E+05	0.1672085161	5.7593074051	9.056790E+08	3.042576E-08	3.177615E+06	4.177441E+04	694.9018439159	24.9566173163	4.1155204168	7.146031E-10	0.0022380232	-0.0023448507	2.090917E-09	0.0065482783	-0.0068611459	2.9259843127	2.9259206628	2.9260481160	489.0000000000
164250.00	1.642500E+05	0.1639143845	5.7274693901	9.093001E+08	3.054741E-08	3.212667E+06	4.224176E+04	695.7826325049	24.9287961636	4.0281171270	-1.189349E-09	0.0021365016	-0.0022427621	-3.479890E-09	0.0062510072	-0.0065621904	2.9258778474	2.9258144424	2.9259414011	488.0000000000
219000.00	2.190000E+05	0.1607540184	5.6974311464	9.127161E+08	3.066216E-08	3.247046E+06	4.270027E+04	696.6494115204	24.9021034398	3.9422963176	2.504662E-10	0.0020350720	-0.0021407376	7.328074E-10	0.0059540309	-0.0062634486	2.9257733266	2.9257101647	2.9258366311	487.0000000000
273750.00	2.737500E+05	0.1577242969	5.6691681149	9.159259E+08	3.077000E-08	3.280718E+06	4.314952E+04	697.5008923909	24.8765359575	3.8581561293	9.769836E-10	0.0019337110	-0.0020387784	2.858332E-09	0.0056572801	-0.0059649229	2.9256707567	2.9256078339	2.9257338150	486.0000000000
328500.00	3.285000E+05	0.1548221708	5.6426531905	9.189287E+08	3.087088E-08	3.313649E+06	4.358906E+04	698.3362567665	24.8520900409	3.7757910371	5.844799E-11	0.0018324224	-0.0019368902	1.709937E-10	0.0053607653	-0.0056666298	2.9255701342	2.9255074451	2.9256329504	485.0000000000
383250.00	3.832500E+05	0.1520446012	5.6178570643	9.217230E+08	3.096475E-08	3.345804E+06	4.401842E+04	699.1549892122	24.8287624318	3.6952916206	-8.353476E-10	0.0017312109	-0.0018350782	-2.443786E-09	0.0050645000	-0.0053685838	2.9254714596	2.9254089971	2.9255340389	484.0000000000
438000.00	4.380000E+05	0.1493886402	5.5947483748	9.243075E+08	3.105157E-08	3.377147E+06	4.443712E+04	699.9567477016	24.8065491950	3.6167443527	2.464207E-10	0.0016300505	-0.0017333245	7.208728E-10	0.0047684071	-0.0050707318	2.9253747061	2.9253124614	2.9254370567	483.0000000000
492750.00	4.927500E+05	0.1468513568	5.5732940485	9.266809E+08	3.113131E-08	3.407644E+06	4.484472E+04	700.7412642099	24.7854475000	3.5402314076	3.610782E-10	0.0015289347	-0.0016316264	1.056255E-09	0.0044724672	-0.0047730652	2.9252798743	2.9252178374	2.9253420047	482.0000000000
547500.00	5.475000E+05	0.1444299348	5.5534594703	9.288423E+08	3.120392E-08	3.437259E+06	4.524074E+04	701.5081504552	24.7654548339	3.4658304889	-2.135417E-10	0.0014278448	-0.0015299727	-6.246493E-10	0.0041766247	-0.0044755510	2.9251869481	2.9251251078	2.9252488688	481.0000000000
602250.00	6.022500E+05	0.1421215904	5.5352087421	9.307896E+08	3.126934E-08	3.465954E+06	4.562468E+04	702.2571960936	24.7465684543	3.3936146771	2.033750E-10	0.0013267477	-0.0014283320	5.948914E-10	0.0038807824	-0.0041780963	2.9250959109	2.9250342549	2.9251576330	480.0000000000
657000.00	6.570000E+05	0.1399236108	5.5185048456	9.325220E+08	3.132753E-08	3.493695E+06	4.599607E+04	702.9880093562	24.7287859324	3.3236522966	3.643742E-10	0.0012256379	-0.0013267010	1.065797E-09	0.0035849236	-0.0038806911	2.9250067416	2.9249452554	2.9250682787	479.0000000000
711750.00	7.117500E+05	0.1378333919	5.5033099070	9.340378E+08	3.137846E-08	3.520441E+06	4.635441E+04	703.7001727447	24.7121062630	3.2560068021	5.493634E-10	0.0011244689	-0.0012250421	1.606844E-09	0.0032889120	-0.0035832245	2.9249194195	2.9248580880	2.9249807860	478.0000000000
766500.00	7.665000E+05	0.1358483804	5.4895853045	9.353355E+08	3.142205E-08	3.546158E+06	4.669920E+04	704.3932424544	24.6965280849	3.1907366851	7.934583E-10	0.0010232216	-0.0011233354	2.320734E-09	0.0029926906	-0.0032856384	2.9248339400	2.9247727470	2.9248951508	477.0000000000
821250.00	8.212500E+05	0.1339661156	5.4772918983	9.364136E+08	3.145827E-08	3.570805E+06	4.702994E+04	705.0668422495	24.6820506979	3.1278953985	1.711293E-09	0.0009218617	-0.0010215485	5.005104E-09	0.0026961590	-0.0029878368	2.9247502650	2.9246891933	2.9248113369	476.0000000000
876000.00	8.760000E+05	0.1321842139	5.4663901579	9.372702E+08	3.148705E-08	3.594346E+06	4.734611E+04	705.7204586681	24.6686741383	3.0675313005	1.794768E-10	0.0008203532	-0.0009196564	5.249101E-10	0.0023992111	-0.0026897461	2.9246683830	2.9246074136	2.9247293341	475.0000000000
930750.00	9.307500E+05	0.1305004022	5.4568402684	9.379041E+08	3.150834E-08	3.616740E+06	4.764721E+04	706.3535147100	24.6563993269	3.0096876170	1.651665E-09	0.0007186604	-0.0008176161	4.830441E-09	0.0021017420	-0.0023912403	2.9245882693	2.9245273832	2.9246491176	474.0000000000
985500.00	9.855000E+05	0.1289124723	5.4486023638	9.383132E+08	3.152209E-08	3.637951E+06	4.793270E+04	706.9654163133	24.6452269786	2.9544024211	1.022913E-09	0.0006167471	-0.0007154016	2.991520E-09	0.0018036455	-0.0020922426	2.9245099031	2.9244490801	2.9245706683	473.0000000000
1040250.00	1.040250E+06	0.1274183399	5.4416364929	9.384960E+08	3.152823E-08	3.657936E+06	4.820207E+04	707.5556512666	24.6351601781	2.9017086308	1.362032E-10	0.0005145721	-0.0006129671	3.983172E-10	0.0015048005	-0.0017926187	2.9244332680	2.9243724866	2.9244939708	472.0000000000
1095000.00	1.095000E+06	0.1260160128	5.4359028480	9.384506E+08	3.152670E-08	3.676658E+06	4.845478E+04	708.1235151297	24.6262013170	2.8516340228	4.451676E-10	0.0004121025	-0.0005102886	1.301829E-09	0.0012051103	-0.0014922976	2.9243583225	2.9242975608	2.9244189842	471.0000000000
1149750.00	1.149750E+06	0.1247035703	5.4313617663	9.381751E+08	3.151745E-08	3.694076E+06	4.869030E+04	708.6682791644	24.6183541583	2.8042012631	9.280361E-10	0.0003092930	-0.0004073139	2.713842E-09	0.0009044421	-0.0011911265	2.9242850664	2.9242243023	2.9243457087	470.0000000000
1204500.00	1.204500E+06	0.1234792256	5.4279738563	9.376677E+08	3.150040E-08	3.710150E+06	4.890809E+04	709.1892851178	24.6116236063	2.7594279519	1.174609E-09	0.0002061096	-0.0003040162	3.434806E-09	0.0006026959	-0.0008890267	2.9242134648	2.9241526752	2.9242741103	469.0000000000
1259250.00	1.259250E+06	0.1223412827	5.4257000600	9.369265E+08	3.147550E-08	3.724840E+06	4.910762E+04	709.6857634882	24.6060148278	2.7173266848	-1.545352E-10	0.0001025107	-0.0002003516	-4.518831E-10	0.0002997497	-0.0005858690	2.9241435048	2.9240826655	2.9242041772	468.0000000000
1314000.00	1.314000E+06	0.1212881568	5.4245016683	9.359496E+08	3.144268E-08	3.738106E+06	4.928833E+04	710.1567979566	24.6015344225	2.6779051263	1.449736E-09	-1.542335E-06	-9.627947E-05	4.239137E-09	-4.509809E-06	-0.0002815343	2.9240751615	2.9240142486	2.9241358845	467.0000000000
1368750.00	1.368750E+06	0.1203183565	5.4243403770	9.347350E+08	3.140188E-08	3.749909E+06	4.944969E+04	710.6016504701	24.5981894897	2.6411660982	1.554212E-09	-0.0001060713	8.223729E-06	4.544529E-09	-0.0003101468	2.404675E-05	2.9240084207	2.9239474098	2.9240692183	466.0000000000
1423500.00	1.423500E+06	0.1194305202	5.4251783737	9.332809E+08	3.135303E-08	3.760206E+06	4.959116E+04	711.0194149952	24.5959882236	2.6071076791	2.470978E-09	-0.0002111191	0.0001131991	7.224999E-09	-0.0006172875	0.0003309946	2.9239432619	2.9238821278	2.9240041591	465.0000000000
1478250.00	1.478250E+06	0.1186233647	5.4269782959	9.315855E+08	3.129607E-08	3.768960E+06	4.971220E+04	711.4091332067	24.5949395735	2.5757233160	2.434865E-09	-0.0003167053	0.0002186739	7.119253E-09	-0.0009259886	0.0006393896	2.9238796729	2.9238183903	2.9239406945	464.0000000000
1533000.00	1.533000E+06	0.1178957116	5.4297032300	9.296466E+08	3.123094E-08	3.776130E+06	4.981226E+04	711.7698164444	24.5950537627	2.5470019472	2.501279E-09	-0.0004228614	0.0003246752	7.313285E-09	-0.0012363435	0.0009493110	2.9238176311	2.9237561742	2.9238788027	463.0000000000
1587750.00	1.587750E+06	0.1172464979	5.4333168430	9.274626E+08	3.115757E-08	3.781678E+06	4.989083E+04	712.1004973365	24.5963414372	2.5209281346	1.502886E-09	-0.0005295892	0.0004312105	4.394075E-09	-0.0015483575	0.0012607813	2.9237571320	2.9236954754	2.9238184787	462.0000000000
1642500.00	1.642500E+06	0.1166747179	5.4377832017	9.250317E+08	3.107590E-08	3.785568E+06	4.994738E+04	712.4000797259	24.5988143850	2.4974822053	3.643958E-09	-0.0006369059	0.0005383149	1.065383E-08	-0.0018620811	0.0015739034	2.9236981598	2.9236362771	2.9237597079	461.0000000000
1697250.00	1.697250E+06	0.1161794919	5.4430669511	9.223524E+08	3.098589E-08	3.787760E+06	4.998140E+04	712.6674811341	24.6024850543	2.4766404016	5.024960E-09	-0.0007448152	0.0006459785	1.469118E-08	-0.0021775259	0.0018886488	2.9236407134	2.9235785788	2.9237024885	460.0000000000
1752000.00	1.752000E+06	0.1157599461	5.4491331820	9.194229E+08	3.088748E-08	3.788219E+06	4.999240E+04	712.9016092167	24.6073661395	2.4583750388	4.764292E-09	-0.0008533176	0.0007542129	1.392881E-08	-0.0024946929	0.0022050521	2.9235847634	2.9235223509	2.9236467918	459.0000000000
1806750.00	1.806750E+06	0.1154152502	5.4559474055	9.162422E+08	3.078062E-08	3.786912E+06	4.997991E+04	713.1013045939	24.6134718935	2.4426546695	4.459549E-09	-0.0009623817	0.0008629962	1.303763E-08	-0.0028134916	0.0025230492	2.9235303281	2.9234676114	2.9235926356	458.0000000000
1861500.00	1.861500E+06	0.1151445642	5.4634756225	9.128089E+08	3.066529E-08	3.783804E+06	4.994347E+04	713.2653290712	24.6208165506	2.4294442535	4.264367E-09	-0.0010720061	0.0009723317	1.246678E-08	-0.0031339180	0.0028426506	2.9234773880	2.9234143420	2.9235400002	457.0000000000
1916250.00	1.916250E+06	0.1149469192	5.4716842412	9.091220E+08	3.054143E-08	3.778867E+06	4.988265E+04	713.3925187920	24.6294151651	2.4187053339	6.386735E-09	-0.0011821413	0.0010821806	1.867115E-08	-0.0034558277	0.0031637428	2.9234259447	2.9233625432	2.9234888877	456.0000000000
1971000.00	1.971000E+06	0.1148211331	5.4805400058	9.051808E+08	3.040902E-08	3.772072E+06	4.979706E+04	713.4816015157	24.6392831443	2.4103962163	6.011690E-09	-0.0012927546	0.0011925121	1.757443E-08	-0.0037791253	0.0034862367	2.9233759935	2.9233122121	2.9234392924	455.0000000000
2025750.00	2.025750E+06	0.1147656415	5.4900100313	9.009850E+08	3.026807E-08	3.763393E+06	4.968633E+04	713.5313019705	24.6504359849	2.4044721525	8.791964E-09	-0.0014037773	0.0013032758	2.570179E-08	-0.0041036108	0.0038099850	2.9233275471	2.9232633613	2.9233912267	454.0000000000
2080500.00	2.080500E+06	0.1147781518	5.5000617507	8.965342E+08	3.011854E-08	3.752808E+06	4.955013E+04	713.5403370465	24.6628892372	2.4008855274	9.569669E-09	-0.0015151464	0.0014144130	2.797482E-08	-0.0044291000	0.0041348168	2.9232805946	2.9232159820	2.9233446788	453.0000000000
2135250.00	2.135250E+06	0.1148552753	5.5106628577	8.918287E+08	2.996047E-08	3.740297E+06	4.938818E+04	713.5073968283	24.6766594586	2.3995860470	1.056247E-08	-0.0016267676	0.0015258502	3.087657E-08	-0.0047553182	0.0044605174	2.9232351560	2.9231700955	2.9232996677	452.0000000000
2190000.00	2.190000E+06	0.1149917867	5.5217812462	8.868694E+08	2.979386E-08	3.725846E+06	4.920027E+04	713.4311434258	24.6917622167	2.4005209289	1.096634E-08	-0.0017385196	0.0016374837	3.205671E-08	-0.0050819113	0.0047867844	2.9231912397	2.9231257140	2.9232561986	451.0000000000
2244750.00	2.244750E+06	0.1151796316	5.5333850446	8.816576E+08	2.961877E-08	3.709442E+06	4.898622E+04	713.3102564345	24.7082131638	2.4036350942	1.342902E-08	-0.0018502529	0.0017492007	3.925500E-08	-0.0054084423	0.0051132882	2.9231488560	2.9230828517	2.9232142804	450.0000000000
2299500.00	2.299500E+06	0.1154063124	5.5454425424	8.761951E+08	2.943526E-08	3.691081E+06	4.874591E+04	713.1433230661	24.7260279813	2.4088713578	1.505171E-08	-0.0019617759	0.0018608481	4.399773E-08	-0.0057343522	0.0054395825	2.9231080218	2.9230415337	2.9231739238	449.0000000000
2354250.00	2.354250E+06	0.1156524392	5.5579222404	8.704845E+08	2.924342E-08	3.670763E+06	4.847935E+04	712.9290884434	24.7452209224	2.4161706213	1.697291E-08	-0.0020728236	0.0019722273	4.961295E-08	-0.0060588669	0.0057650868	2.9230687713	2.9230018046	2.9231351562	448.0000000000
2409000.00	2.409000E+06	0.1158882484	5.5707927692	8.645301E+08	2.904339E-08	3.648495E+06	4.818658E+04	712.6661929776	24.7658059161	2.4254720618	2.056867E-08	-0.0021830316	0.0020830685	6.012279E-08	-0.0063809217	0.0060890130	2.9230311292	2.9229637060	2.9230979915	447.0000000000
2463750.00	2.463750E+06	0.1160683120	5.5840230616	8.583372E+08	2.883534E-08	3.624292E+06	4.786782E+04	712.3534519718	24.7877951836	2.4367133229	2.425287E-08	-0.0022919079	0.0021930150	7.089092E-08	-0.0066990798	0.0064103195	2.9229951578	2.9229273261	2.9230624744	446.0000000000
2518500.00	2.518500E+06	0.1161242313	5.5975824030	8.519132E+08	2.861953E-08	3.598181E+06	4.752338E+04	711.9896993580	24.8111992024	2.4498307007	2.785395E-08	-0.0023987598	0.0023015712	8.141584E-08	-0.0070113172	0.0067275579	2.9229609164	2.9228927615	2.9230286396	445.0000000000
2573250.00	2.573250E+06	0.1159549261	5.6114407982	8.452680E+08	2.839629E-08	3.570201E+06	4.715377E+04	711.5740475272	24.8360256960	2.4647593297	3.267321E-08	-0.0025025922	0.0024080414	9.550123E-08	-0.0073147264	0.0070386960	2.9229285043	2.9228601689	2.9229965480	444.0000000000
2628000.00	2.628000E+06	0.1154149683	5.6255691953	8.384158E+08	2.816609E-08	3.540410E+06	4.675974E+04	711.1057727494	24.8622786674	2.4814333655	3.820338E-08	-0.0026020121	0.0025114439	1.116642E-07	-0.0076052373	0.0073408650	2.9228980640	2.9228297748	2.9229662843	443.0000000000
2682750.00	2.682750E+06	0.1143031617	5.6399402336	8.313761E+08	2.792960E-08	3.508888E+06	4.634237E+04	710.5846159453	24.8899565291	2.4997861634	4.347597E-08	-0.0026950456	0.0026103893	1.270741E-07	-0.0078770831	0.0076300048	2.9228698066	2.9228019095	2.9229379772	442.0000000000
2737500.00	2.737500E+06	0.1123568177	5.6545292691	8.241760E+08	2.768771E-08	3.475748E+06	4.590315E+04	710.0108811640	24.9190493398	2.5197504552	5.151502E-08	-0.0027789461	0.0027029183	1.505695E-07	-0.0081222381	0.0079003903	2.9228440050	2.9227770165	2.9229117793	441.0000000000
2792250.00	2.792250E+06	0.1092623463	5.6693155953	8.168526E+08	2.744169E-08	3.441144E+06	4.544414E+04	709.3859485089	24.9495356587	2.5412585214	6.216497E-08	-0.0028499732	0.0027863198	1.816958E-07	-0.0083297735	0.0081440988	2.9228210869	2.9227557542	2.9228879483	440.0000000000
2847000.00	2.847000E+06	0.1046971735	5.6842844273	8.094574E+08	2.719325E-08	3.405284E+06	4.496812E+04	708.7124091782	24.9813756686	2.5642423585	7.175046E-08	-0.0029032076	0.0028568944	2.097104E-07	-0.0084853157	0.0083503196	2.9228016243	2.9227389967	2.9228668264	439.0000000000
2901750.00	2.901750E+06	0.0984160496	5.6994293193	8.020596E+08	2.694472E-08	3.368451E+06	4.447885E+04	707.9947645663	25.0145027833	2.5886338443	8.261327E-08	-0.0029324623	0.0029097774	2.414581E-07	-0.0085707866	0.0085048367	2.9227863972	2.9227278904	2.9228488919	438.0000000000
2956500.00	2.956500E+06	0.0903761180	5.7147551020	7.947513E+08	2.669921E-08	3.331009E+06	4.398125E+04	707.2400702312	25.0488116635	2.6143648956	9.753342E-08	-0.0029305830	0.0029388715	2.850642E-07	-0.0085652815	0.0085898327	2.9227764436	2.9227238689	2.9228348183	437.0000000000
3011250.00	3.011250E+06	0.0808550080	5.7302808713	7.876500E+08	2.646064E-08	3.293426E+06	4.348156E+04	706.4583640908	25.0841406278	2.6413676238	1.129385E-07	-0.0028904110	0.0029370928	3.300876E-07	-0.0084478832	0.0085846060	2.9227730366	2.9227285468	2.9228254826	436.0000000000
3066000.00	3.066000E+06	0.0704791197	5.7460419298	7.808985E+08	2.623383E-08	3.256263E+06	4.298732E+04	705.6629335367	25.1202553413	2.6695744841	1.305087E-07	-0.0028067722	0.0028973546	3.814394E-07	-0.0082034716	0.0084684481	2.9227776343	2.9227435220	2.9228220030	435.0000000000
3120750.00	3.120750E+06	0.0600976469	5.7620889364	7.746570E+08	2.602415E-08	3.220149E+06	4.250695E+04	704.8701831572	25.1567560030	2.6989184193	1.499783E-07	-0.0026794106	0.0028145144	4.383432E-07	-0.0078312976	0.0082263316	2.9227917269	2.9227700498	2.9228257288	434.0000000000
3175500.00	3.175500E+06	0.0505372396	5.7784822087	7.690848E+08	2.583696E-08	3.185711E+06	4.204888E+04	704.0975257963	25.1927335798	2.7293329995	1.733419E-07	-0.0025157414	0.0026882317	5.066291E-07	-0.0073530277	0.0078572628	2.9228165494	2.9228086599	2.9228381263	433.0000000000
3230250.00	3.230250E+06	0.0423727162	5.7952804473	7.643110E+08	2.567658E-08	3.153462E+06	4.162004E+04	703.3607842237	25.2272952267	2.7607525552	2.028682E-07	-0.0023314876	0.0025257872	5.929281E-07	-0.0068146071	0.0073825211	2.9228527352	2.9228589103	2.9228605306	432.0000000000
3285000.00	3.285000E+06	0.0358355141	5.8125262274	7.604047E+08	2.554535E-08	3.123692E+06	4.122437E+04	702.6702954759	25.2599510648	2.7931123056	2.344781E-07	-0.0021475141	0.0023427036	6.853186E-07	-0.0062770093	0.0068474723	2.9229001939	2.9229195783	2.9228939260	431.0000000000
3339750.00	3.339750E+06	0.0308681292	5.8302344032	7.573564E+08	2.544295E-08	3.096393E+06	4.086189E+04	702.0284219928	25.2905448657	2.8263484808	2.705964E-07	-0.0019830300	0.0021597069	7.908881E-07	-0.0057963743	0.0063126893	2.9229581068	2.9229893162	2.9229386261	430.0000000000
3394500.00	3.394500E+06	0.0272457293	5.8483929805	7.550827E+08	2.536656E-08	3.071286E+06	4.052893E+04	701.4290739134	25.3190829524	2.8603984389	3.074245E-07	-0.0018404051	0.0019959229	8.985353E-07	-0.0053796182	0.0058340696	2.9230254375	2.9230625221	2.9229941340	429.0000000000
3449250.00	3.449250E+06	0.0246872877	5.8669946999	7.534941E+08	2.531319E-08	3.048063E+06	4.022140E+04	700.8649840131	25.3455525225	2.8952007769	3.449098E-07	-0.0017357246	0.0018537191	1.008106E-06	-0.0050737579	0.0054185294	2.9230966034	2.9231361553	2.9230594662	428.0000000000
3504000.00	3.504000E+06	0.0229268495	5.8859855635	7.524363E+08	2.527766E-08	3.026185E+06	3.993206E+04	700.3205648860	25.3704874005	2.9306954360	3.810604E-07	-0.0016720611	0.0017493503	1.113780E-06	-0.0048877839	0.0051135747	2.9231688860	2.9232101359	2.9231292955	427.0000000000
3558750.00	3.558750E+06	0.0217438226	5.9052955626	7.517426E+08	2.525435E-08	3.005065E+06	3.965306E+04	699.7780194701	25.3945165275	2.9668238014	4.118421E-07	-0.0016432540	0.0016859486	1.203765E-06	-0.0048036962	0.0049283632	2.9232422901	2.9232847302	2.9232010112	426.0000000000
3613500.00	3.613500E+06	0.0209687081	5.9248588222	7.512676E+08	2.523840E-08	2.984204E+06	3.937759E+04	699.2207077992	25.4181786070	3.0035287959	4.368019E-07	-0.0016416655	0.0016573785	1.276738E-06	-0.0047991751	0.0048449673	2.9233169079	2.9233602193	2.9232744452	425.0000000000
3668250.00	3.668250E+06	0.0204775302	5.9446178041	7.508965E+08	2.522593E-08	2.963211E+06	3.910038E+04	698.6345244794	25.4419027131	3.0407549685	4.561329E-07	-0.0016601012	0.0016560250	1.333261E-06	-0.0048531948	0.0048411333	2.9233929192	2.9234369058	2.9233495893	424.0000000000
3723000.00	3.723000E+06	0.0201825286	5.9645249157	7.505412E+08	2.521400E-08	2.941798E+06	3.881749E+04	698.0080229285	25.4660118252	3.0784485762	4.699461E-07	-0.0016926325	0.0016746977	1.373658E-06	-0.0049484282	0.0048958470	2.9234704814	2.9235150221	2.9234264794	423.0000000000
3777750.00	3.777750E+06	0.0200228637	5.9845415452	7.501368E+08	2.520041E-08	2.919762E+06	3.852612E+04	697.3315785382	25.4907436078	3.1165576615	4.778025E-07	-0.0017347160	0.0017074524	1.396645E-06	-0.0050715959	0.0049917349	2.9235497401	2.9235947602	2.9235051863	422.0000000000
3832500.00	3.832500E+06	0.0199569161	6.0046363391	7.496361E+08	2.518359E-08	2.896966E+06	3.822440E+04	696.5974132809	25.5162686927	3.1550321232	4.809015E-07	-0.0017830393	0.0017497541	1.405727E-06	-0.0052130163	0.0051155426	2.9236308104	2.9236762629	2.9235857785	421.0000000000
3887250.00	3.887250E+06	0.0199564549	6.0247834845	7.490051E+08	2.516239E-08	2.873323E+06	3.791107E+04	557.4990257215	25.5427086383	3.1938237821	4.781026E-07	-0.0018352544	0.0017982767	1.397569E-06	-0.0053658266	0.0052575482	2.9237137602	2.9237596149	2.9236682969	420.0000000000
3942000.00	3.942000E+06	0.0200024353	6.0449613465	7.482190E+08	2.513598E-08	2.848780E+06	3.758540E+04	553.3080969149	25.5701495660	3.2328864415	4.697699E-07	-0.0018897107	0.0018506611	1.373233E-06	-0.0055252019	0.0054108563	2.9237986472	2.9238448838	2.9237527827	419.0000000000
3996750.00	3.996750E+06	0.0200820439	6.0651514058	7.472598E+08	2.510376E-08	2.823310E+06	3.724698E+04	551.7757682432	25.5986539146	3.2721759416	4.595031E-07	-0.0019452661	0.0019052652	1.343243E-06	-0.0056878041	0.0055706670	2.9238854749	2.9239320799	2.9238392288	418.0000000000
4051500.00	4.051500E+06	0.0201866863	6.0853373530	7.461146E+08	2.506528E-08	2.796904E+06	3.689565E+04	550.4784258883	25.6282660699	3.3116502093	4.457020E-07	-0.0020011395	0.0019609527	1.302919E-06	-0.0058513496	0.0057336586	2.9239742898	2.9240212535	2.9239276756	417.0000000000
4106250.00	4.106250E+06	0.0203106060	6.1055045116	7.447724E+08	2.502020E-08	2.769565E+06	3.653142E+04	549.1383855510	25.6590183773	3.3512693020	4.279870E-07	-0.0020567723	0.0020169213	1.251151E-06	-0.0060142058	0.0058974866	2.9240650852	2.9241123998	2.9240181126	416.0000000000
4161000.00	4.161000E+06	0.0204499703	6.1256394084	7.432269E+08	2.496828E-08	2.741305E+06	3.615446E+04	547.7363015291	25.6909353171	3.3909954476	4.080017E-07	-0.0021117955	0.0020726415	1.192743E-06	-0.0061752938	0.0060606022	2.9241578960	2.9242055558	2.9241105721	415.0000000000
4215750.00	4.215750E+06	0.0206022196	6.1457295456	7.414709E+08	2.490928E-08	2.712144E+06	3.576499E+04	546.3331143199	25.7240340815	3.4307930777	3.859710E-07	-0.0021659215	0.0021277093	1.128354E-06	-0.0063337729	0.0062218252	2.9242526760	2.9243006740	2.9242050076	414.0000000000
4270500.00	4.270500E+06	0.0207656816	6.1657629797	7.395005E+08	2.484309E-08	2.682106E+06	3.536336E+04	544.8448847555	25.7583281662	3.4706288563	3.614099E-07	-0.0022189563	0.0021818673	1.056563E-06	-0.0064890758	0.0063804026	2.9243494197	2.9243977119	2.9243014256	413.0000000000
4325250.00	4.325250E+06	0.0209392635	6.1857285189	7.373126E+08	2.476959E-08	2.651220E+06	3.494998E+04	543.3625037469	25.7938255733	3.5104717059	3.366592E-07	-0.0022705035	0.0022348283	9.842137E-07	-0.0066400406	0.0065354942	2.9244476710	2.9244954067	2.9243996623	412.0000000000
4380000.00	4.380000E+06	0.0211220832	6.2056164314	7.349185E+08	2.468916E-08	2.619563E+06	3.452634E+04	541.8126915474	25.8304877916	3.5502928253	3.116511E-07	-0.0023152242	0.0022845379	9.111065E-07	-0.0067709902	0.0066810837	2.9245376631	2.9245669150	2.9244961292	411.0000000000
4434750.00	4.434750E+06	0.0213094576	6.2254469586	7.326041E+08	2.461141E-08	2.588093E+06	3.411448E+04	540.2988894641	25.8673454907	3.5900657048	2.865581E-07	-0.0022430228	0.0022906884	8.376659E-07	-0.0065586614	0.0066991142	2.9244133743	2.9240448626	2.9245156433	410.0000000000
4489500.00	4.489500E+06	0.0214762513	6.2453904788	7.319698E+08	2.459010E-08	2.562141E+06	3.383352E+04	539.0258661559	25.8989588124	3.6297661372	2.579137E-07	-0.0014502425	0.0020323066	7.535744E-07	-0.0042343996	0.0059425069	2.9229306386	2.9198020042	2.9240365056	409.0000000000
4544250.00	4.544250E+06	0.0342321720	6.2769195787	6.341004E+09	2.130223E-07	6.302679E+05	2.899020E+05	573.1652698353	24.3492612209	3.6693722231	0.2708365787	0.2683287989	0.2732908892	0.4431188103	0.4372048607	0.4489148975	2.9651780224	2.9650755695	2.9652795300	408.0000000000
4599000.00	4.599000E+06	0.0344887388	6.2995477398	6.383706E+09	2.144569E-07	6.192546E+05	2.905826E+05	572.7690169396	24.3573472143	3.7088643727	0.2693984380	0.2668122304	0.2719352488	0.4396442440	0.4335497614	0.4456292701	2.9653555332	2.9652506035	2.9654595027	407.0000000000
4653750.00	4.653750E+06	0.0347464933	6.3222688999	6.425072E+09	2.158465E-07	6.085810E+05	2.912014E+05	572.3370093325	24.3660959077	3.7482253031	0.2679119091	0.2652517818	0.2705258242	0.4361173265	0.4298509836	0.4422811412	2.9655153901	2.9654080578	2.9656217446	406.0000000000
4708500.00	4.708500E+06	0.0350055161	6.3450859092	6.465110E+09	2.171916E-07	5.982284E+05	2.917575E+05	571.8727085576	24.3755072369	3.7874400321	0.2663922487	0.2636613574	0.2690797875	0.4325351423	0.4261035528	0.4388706102	2.9656592145	2.9655495435	2.9657678886	405.0000000000
4763250.00	4.763250E+06	0.0352658974	6.3680033559	6.503814E+09	2.184918E-07	5.881823E+05	2.922497E+05	571.3755697826	24.3855852933	3.8264958663	0.2648430875	0.2620443720	0.2676011638	0.4289043260	0.4223137651	0.4354049457	2.9657872931	2.9656753460	2.9658982234	404.0000000000
4818000.00	4.818000E+06	0.0355277643	6.3910274269	6.541166E+09	2.197467E-07	5.784294E+05	2.926762E+05	570.8453462509	24.3963353621	3.8653823889	0.2632675910	0.2604038321	0.2660933494	0.4252308079	0.4184873020	0.4318904375	2.9658999207	2.9657857589	2.9660130449	403.0000000000
4872750.00	4.872750E+06	0.0357912675	6.4141655206	6.577148E+09	2.209555E-07	5.689574E+05	2.930358E+05	570.2793180648	24.4077626759	3.9040914383	0.2616686617	0.2587425194	0.2645593786	0.4215201573	0.4146295478	0.4283328576	2.9659973730	2.9658810566	2.9661126307	402.0000000000
4927500.00	4.927500E+06	0.0360565906	6.4374262284	6.611736E+09	2.221174E-07	5.597540E+05	2.933270E+05	569.6787851261	24.4198728059	3.9426170887	0.2600489704	0.2570630027	0.2630020427	0.4177775699	0.4107455415	0.4247375895	2.9660799363	2.9659615261	2.9661972669	401.0000000000
4982250.00	4.982250E+06	0.0363239264	6.4608190468	6.644908E+09	2.232318E-07	5.508085E+05	2.935482E+05	569.0447697485	24.4316028525	3.9809556231	0.2584110087	0.2553676979	0.2614239085	0.4140079668	0.4068400894	0.4211096622	2.9661478904	2.9660274464	2.9662672337	400.0000000000
5037000.00	5.037000E+06	0.0365934955	6.4843545008	6.676637E+09	2.242977E-07	5.421099E+05	2.936983E+05	568.3772070356	23.9887340872	4.0191055056	0.2567571284	0.2536589072	0.2598273865	0.4102160573	0.4029178304	0.4174538704	2.9662015172	2.9660790994	2.9663228130	399.0000000000
5091750.00	5.091750E+06	0.0368655249	6.5080439806	6.706895E+09	2.253142E-07	5.336485E+05	2.937758E+05	567.6762236388	24.0024329378	4.0570673477	0.2550895591	0.2519388053	0.2582147660	0.4064063438	0.3989831849	0.4137748011	2.9662410930	2.9661167617	2.9663642815	398.0000000000
5146500.00	5.146500E+06	0.0371402643	6.5318999437	6.735654E+09	2.262804E-07	5.254145E+05	2.937794E+05	566.9418314690	24.0168277243	4.0948438747	0.2534104188	0.2502094795	0.2565882027	0.4025831358	0.3950404165	0.4100768248	2.9662668955	2.9661407119	2.9663919164	397.0000000000
5201250.00	5.201250E+06	0.0374179709	6.5559354682	6.762886E+09	2.271952E-07	5.173989E+05	2.937081E+05	566.1743259555	24.0319242059	4.1324398849	0.2517217454	0.2484729352	0.2549497646	0.3987506198	0.3910936648	0.4063641680	2.9662792107	2.9661512358	2.9664060034	396.0000000000
5256000.00	5.256000E+06	0.0376989209	6.5801646416	6.788561E+09	2.280578E-07	5.095931E+05	2.935606E+05	565.3740274845	24.0477271841	4.1698622104	0.2500254854	0.2467310842	0.2533014313	0.3949128107	0.3871468941	0.4026408864	2.9662783160	2.9661486115	2.9664068192	395.0000000000
5310750.00	5.310750E+06	0.0379834060	6.6046023325	6.812650E+09	2.288670E-07	5.019885E+05	2.933358E+05	564.5413047424	24.0642420112	4.2071196709	0.2483235115	0.2449857850	0.2516450900	0.3910735843	0.3832039569	0.3989108807	2.9662644877	2.9661331153	2.9663946403	394.0000000000
5365500.00	5.365500E+06	0.0382717222	6.6292640639	6.835123E+09	2.296220E-07	4.945775E+05	2.930329E+05	563.6763258720	24.0814732104	4.2442230273	0.2466176252	0.2432388109	0.2499825755	0.3872367050	0.3792685724	0.3951779672	2.9662380124	2.9661050350	2.9663697521	393.0000000000
5420250.00	5.420250E+06	0.0385641821	6.6541663222	6.855950E+09	2.303216E-07	4.873526E+05	2.926509E+05	562.7787087778	24.0994259759	4.2811849321	0.2449095580	0.2414918745	0.2483156390	0.3834057743	0.3753443103	0.3914457809	2.9661991702	2.9660646511	2.9663324346	392.0000000000
5475000.00	5.475000E+06	0.0388611140	6.6793260641	6.875103E+09	2.309651E-07	4.803063E+05	2.921890E+05	561.8487156121	24.1181043149	4.3180198758	0.2432009763	0.2397466258	0.2466459613	0.3795842833	0.3714346382	0.3877178322	2.9661482487	2.9660122524	2.9662829743	391.0000000000
5529750.00	5.529750E+06	0.0391628548	6.7047610959	6.892553E+09	2.315513E-07	4.734321E+05	2.916465E+05	560.8875262126	24.1375129176	4.3547441339	0.2414934861	0.2380046479	0.2449751610	0.3757756051	0.3675428821	0.3839975159	2.9660855355	2.9659481260	2.9662216588	390.0000000000
5584500.00	5.584500E+06	0.0394697556	6.7304899576	6.908272E+09	2.320794E-07	4.667232E+05	2.910229E+05	559.8945907870	24.1576560499	4.3913757078	0.2397886298	0.2362674606	0.2433048152	0.3719829593	0.3636722233	0.3802881164	2.9660113204	2.9658725637	2.9661487768	389.0000000000
5639250.00	5.639250E+06	0.0397821858	6.7565317595	6.922234E+09	2.325484E-07	4.601733E+05	2.903178E+05	558.8706806418	24.1785378962	4.4279342664	0.2380878796	0.2345365237	0.2416364006	0.3682094561	0.3598257461	0.3765927497	2.9659258958	2.9657858571	2.9660646206	388.0000000000
5694000.00	5.694000E+06	0.0401005113	6.7829061475	6.934413E+09	2.329576E-07	4.537765E+05	2.895307E+05	557.8185693961	24.2001616261	4.4644410843	0.2363926704	0.2328132492	0.2399713739	0.3644580995	0.3560064136	0.3729144623	2.9658295584	2.9656883045	2.9659694854	387.0000000000
5748750.00	5.748750E+06	0.0404251282	6.8096334194	6.944783E+09	2.333060E-07	4.475269E+05	2.886614E+05	556.7395124216	24.2225311540	4.5009189790	0.2347043508	0.2310989748	0.2383111011	0.3607317236	0.3522170349	0.3692561215	2.9657226048	2.9655802028	2.9658636687	386.0000000000
5803500.00	5.803500E+06	0.0407564320	6.8367345828	6.953322E+09	2.335928E-07	4.414191E+05	2.877099E+05	555.6346128205	24.2456482686	4.5373922436	0.2330242291	0.2293949780	0.2366569148	0.3570330640	0.3484602822	0.3656205116	2.9656053384	2.9654618552	2.9657474721	385.0000000000
5858250.00	5.858250E+06	0.0410948363	6.8642308003	6.960009E+09	2.338174E-07	4.354479E+05	2.866762E+05	554.5052357888	24.2695169500	4.5738865810	0.2313535573	0.2277025117	0.2350100673	0.3533647393	0.3447387753	0.3620102547	2.9654780585	2.9653335588	2.9656211966	384.0000000000
5913000.00	5.913000E+06	0.0414407680	6.8921438254	6.964824E+09	2.339792E-07	4.296079E+05	2.855606E+05	553.3491381075	24.2941383822	4.6104290342	0.2296935236	0.2260227404	0.2333717734	0.3497292197	0.3410549315	0.3584278789	2.9653410635	2.9651955934	2.9654851470	383.0000000000
5967750.00	5.967750E+06	0.0417946539	6.9204961896	6.967749E+09	2.340775E-07	4.238948E+05	2.843635E+05	552.1697892066	24.3195146008	4.6470479161	0.2280452985	0.2243568499	0.2317431988	0.3461289340	0.3374112326	0.3548757925	2.9651945749	2.9650480366	2.9653395968	382.0000000000
6022500.00	6.022500E+06	0.0421569369	6.9493102771	6.968774E+09	2.341119E-07	4.183038E+05	2.830854E+05	550.9699242398	24.3456448608	4.6837727366	0.2264101108	0.2227063945	0.2301254593	0.3425666364	0.3338115727	0.3513563552	2.9650366206	2.9648848499	2.9651840381	381.0000000000
6077250.00	6.077250E+06	0.0425280201	6.9786090700	6.967896E+09	2.340824E-07	4.128307E+05	2.817278E+05	549.7512009203	24.3725261789	4.7206341306	0.2247897412	0.2210749986	0.2285196661	0.3390473020	0.3302674070	0.3478722045	2.9648548628	2.9646711916	2.9650142365	380.0000000000
6132000.00	6.132000E+06	0.0429079855	7.0084136849	6.965200E+09	2.339919E-07	4.074726E+05	2.802970E+05	548.5160684822	24.4001251750	4.7576637809	0.2231909075	0.2194842177	0.2269271599	0.3355956384	0.3268557585	0.3444291692	2.9645470370	2.9641223829	2.9647936492	379.0000000000
6186750.00	6.186750E+06	0.0432942898	7.0387323838	6.961377E+09	2.338634E-07	4.022373E+05	2.788356E+05	547.2752450950	24.4281913580	4.7948943451	0.2216581355	0.2180918647	0.2253512996	0.3323874959	0.3241520878	0.3410583314	2.9633247750	2.9610542094	2.9642389074	378.0000000000
6241500.00	6.241500E+06	0.0436344044	7.0693150288	6.969371E+09	2.341320E-07	3.971773E+05	2.781245E+05	546.2172056003	24.4534083743	4.8323593764	0.2208462650	0.2191572145	0.2238557708	0.3319759305	0.3302031350	0.3382526258	2.9394452747	2.8982798158	2.9553650484	377.0000000000
6296250.00	6.296250E+06	0.0438443245	7.0997715486	7.005717E+09	2.353530E-07	3.930414E+05	2.790874E+05	545.8181040207	24.4658577924	4.8700932452	0.2222885636	0.2279093483	0.2224941022	0.3402114544	0.3616227762	0.3369862618	2.8981685354	2.8016257014	2.9394180078	376.0000000000
6351000.00	6.351000E+06	0.0440730311	7.1308960969	7.033692E+09	2.362928E-07	3.896699E+05	2.795053E+05	545.3314827628	24.4751791893	4.9081310625	0.2244470108	0.2377978309	0.2212464549	0.3501898946	0.3920794947	0.3363196586	2.8978773363	2.8010596726	2.9392631894	375.0000000000
6405750.00	6.405750E+06	0.0441588937	7.1618921324	7.088807E+09	2.381443E-07	3.880419E+05	2.813805E+05	545.5464533236	24.4676012270	4.9465085985	0.2298435702	0.2516695225	0.2208569313	0.3675763094	0.4245550549	0.3388785582	2.6192229237	2.3888298964	2.8005692432	374.0000000000
6460500.00	6.460500E+06	0.0439691069	7.1920296412	7.212247E+09	2.422913E-07	3.871878E+05	2.871047E+05	546.8683881614	24.4502099304	4.9852622023	0.2358123897	0.2587206059	0.2217513169	0.3809974401	0.4344226488	0.3436576281	2.3858077693	2.2018084480	2.6166791898	373.0000000000
6515250.00	6.515250E+06	0.0442226160	7.2250737929	7.226083E+09	2.427560E-07	3.850084E+05	2.868131E+05	546.3754384922	24.4488363152	5.0244287213	0.2404294155	0.2659249494	0.2219480049	0.3927590483	0.4465992006	0.3467340067	2.3850827912	2.2011583322	2.6160498902	372.0000000000
6570000.00	6.570000E+06	0.0430056153	7.2508752327	7.596808E+09	2.552103E-07	3.891788E+05	3.067009E+05	547.2802277910	24.3918000520	5.0640454201	0.2439698501	0.2580700451	0.2277829149	0.3911313640	0.4203833989	0.3568130207	2.1971661681	2.0971596423	2.3806637844	371.0000000000
6624750.00	6.624750E+06	0.0406329070	7.2687246546	8.454674E+09	2.840299E-07	3.591458E+05	3.640211E+05	546.2545934249	24.3702629442	5.1041498980	0.2513547395	0.2543324311	0.2426740982	0.3985227475	0.4026218344	0.3835946290	2.9542622494	2.9380270021	2.9603569114	370.0000000000
6679500.00	6.679500E+06	0.0444428982	7.3253456166	7.332787E+09	2.463407E-07	3.896202E+05	2.899805E+05	546.2882544914	24.3636951328	5.1447800071	0.2525949880	0.2526247741	0.2485390565	0.3987178541	0.3974671319	0.3928783006	2.9651804926	2.9649995950	2.9653599023	369.0000000000
6734250.00	6.734250E+06	0.0430696594	7.3520459749	7.803145E+09	2.621421E-07	3.874246E+05	3.150873E+05	547.9592441948	24.3562296703	5.1859737702	0.2539407813	0.2513809055	0.2558351948	0.3995527424	0.3938917081	0.4045478865	2.0219790552	2.0188068521	2.0292185106	368.0000000000
6789000.00	6.789000E+06	0.0408727575	7.3723937883	8.658958E+09	2.908926E-07	3.502698E+05	3.728203E+05	545.9992954735	24.3916222052	5.2277692978	0.2542817685	0.2540209730	0.2561238150	0.4021242533	0.4045564785	0.4052757735	2.8956758625	2.7974216651	2.9377894365	367.0000000000
6843750.00	6.843750E+06	0.0448787486	7.4325978354	7.505947E+09	2.521579E-07	3.776306E+05	2.970773E+05	546.1331601389	24.4019713744	5.2702047059	0.2607329021	0.2723156035	0.2552303667	0.4255493683	0.4545686029	0.4088811286	2.9647032203	2.9645182078	2.9648867254	366.0000000000
6898500.00	6.898500E+06	0.0440650787	7.4647268569	7.813150E+09	2.624782E-07	3.785539E+05	3.118887E+05	548.5814222651	24.3983202728	5.3133180340	0.2628519097	0.2719124492	0.2517221695	0.4286007900	0.4461857271	0.4052169730	2.1940111325	2.0944980545	2.3770865260	365.0000000000
6953250.00	6.953250E+06	0.0444341617	7.5042085061	7.774127E+09	2.611673E-07	3.800550E+05	3.087749E+05	549.8071259162	24.3711786052	5.3571471613	0.2708573241	0.2714860466	0.2648592885	0.4397521263	0.4392126145	0.4304026856	2.0284548329	2.0212177955	2.0461696368	364.0000000000
7008000.00	7.008000E+06	0.0444936581	7.5426111532	7.844435E+09	2.635292E-07	3.788431E+05	3.115550E+05	550.2349944333	24.3746854762	5.4017297261	0.2719362279	0.2700933162	0.2713266401	0.4401952117	0.4351903235	0.4407950605	2.0278600263	2.0206363828	2.0455426344	363.0000000000
7062750.00	7.062750E+06	0.0448408119	7.5834792049	7.847628E+09	2.636365E-07	3.762218E+05	3.105499E+05	549.6001278874	24.3939834763	5.4471030440	0.2720105031	0.2688867004	0.2746098840	0.4393332424	0.4320375734	0.4457215234	2.0171567250	2.0155308576	2.0203197926	362.0000000000
7117500.00	7.117500E+06	0.0452578028	7.6255901105	7.839656E+09	2.633687E-07	3.728645E+05	3.089085E+05	548.8454669680	24.4219519786	5.4933040245	0.2713186800	0.2679130496	0.2746873481	0.4375511588	0.4297638973	0.4453067245	2.0144116699	2.0135949148	2.0154469383	361.0000000000
7172250.00	7.172250E+06	0.0457116426	7.6687923384	7.825462E+09	2.628918E-07	3.693464E+05	3.069456E+05	548.0750463627	24.4526575104	5.5403690919	0.2704542802	0.2670366779	0.2739265495	0.4356008357	0.4278475114	0.4435187918	2.0127714044	2.0120888048	2.0134651200	360.0000000000
7227000.00	7.227000E+06	0.0461796831	7.7129814337	7.809928E+09	2.623700E-07	3.658505E+05	3.049456E+05	547.3618056908	24.4840124373	5.5883341029	0.2696409429	0.2664274347	0.2730383666	0.4339517764	0.4269653693	0.4415884212	2.0113586552	2.0106907257	2.0120276801	359.0000000000
7281750.00	7.281750E+06	0.0465591703	7.7575832640	7.817698E+09	2.626310E-07	3.624950E+05	3.043524E+05	546.9565490460	24.5103132716	5.6372342691	0.2707865756	0.2719477466	0.2725195588	0.4402390623	0.4481272998	0.4418457444	2.0102300069	2.0095692601	2.0108905654	358.0000000000
7336500.00	7.336500E+06	0.0468350380	7.8025562900	7.848452E+09	2.636642E-07	3.597799E+05	3.051281E+05	546.8466579946	24.5243787074	5.6871040747	0.2764322923	0.2877047671	0.2730804227	0.4611685452	0.4941112200	0.4473169572	2.0094540422	2.0087970164	2.0101109596	357.0000000000
7391250.00	7.391250E+06	0.0461219166	7.8425317279	8.142372E+09	2.735382E-07	3.546963E+05	3.214559E+05	549.1972686978	24.5133308255	5.7379771994	0.2897320482	0.3113874672	0.2766668346	0.4998467995	0.5500047076	0.4633139081	2.0110915771	2.0104139954	2.0117738500	356.0000000000
7446000.00	7.446000E+06	0.0464264959	7.8896590463	8.155427E+09	2.739768E-07	3.540187E+05	3.210895E+05	549.0058891628	24.5201879576	5.7898864399	0.2972992997	0.3223368597	0.2788865336	0.5199955275	0.5732963998	0.4727234304	2.0100171879	2.0093493324	2.0106862803	355.0000000000
7500750.00	7.500750E+06	0.0445369414	7.9235114828	8.841929E+09	2.970395E-07	3.324466E+05	3.642616E+05	548.8291650353	24.5137915307	5.8428636335	0.3147585055	0.3320064043	0.2939028704	0.5541750471	0.5892762768	0.5092264982	2.1880355522	2.0894906448	2.3702077670	354.0000000000
7555500.00	7.555500E+06	0.0444468493	7.9703057927	8.939519E+09	3.003179E-07	3.399926E+05	3.665930E+05	553.4717278717	24.4894407598	5.8969395797	0.3118442260	0.3293761670	0.2910279572	0.5484332117	0.5837057238	0.5032697559	2.3716784389	2.1893536031	2.6040294796	353.0000000000
7610250.00	7.610250E+06	0.0445062963	8.0189321021	8.988601E+09	3.019668E-07	3.439978E+05	3.685392E+05	555.9361880267	24.4544185455	5.9521439673	0.3338879615	0.3421051986	0.3111218279	0.5922833483	0.6058762728	0.5513979636	2.0426292947	2.0250929977	2.0856584508	352.0000000000
7665000.00	7.665000E+06	0.0448029475	8.0702300100	9.010831E+09	3.027136E-07	3.433232E+05	3.684272E+05	555.7463387394	24.4648002345	6.0085052969	0.3366782416	0.3413122718	0.3212468008	0.5961335553	0.6031576432	0.5690387707	2.0242609078	2.0171155186	2.0417450228	351.0000000000
7719750.00	7.719750E+06	0.0448970476	8.1212062256	9.100852E+09	3.057378E-07	3.405780E+05	3.727367E+05	556.1037786178	24.4772809052	6.0660508099	0.3395257318	0.3405742252	0.3314358445	0.6001069040	0.6005489045	0.5868358308	2.0239253466	2.0167883196	2.0413920672	350.0000000000
7774500.00	7.774500E+06	0.0451736624	8.1745239802	9.139459E+09	3.070348E-07	3.386060E+05	3.737861E+05	555.9920089304	24.4957166266	6.1248064148	0.3416947100	0.3397663604	0.3407218749	0.6028953115	0.5979234623	0.6026639962	2.0163782021	2.0132473697	2.0235010815	349.0000000000
7829250.00	7.829250E+06	0.0455930903	8.2299155846	9.145040E+09	3.072223E-07	3.360872E+05	3.728513E+05	555.5250124516	24.5248974764	6.1847966153	0.3426612080	0.3391088989	0.3458083684	0.6037942998	0.5958715454	0.6110398285	2.0116240348	2.0105948292	2.0132285021	348.0000000000
7884000.00	7.884000E+06	0.0461628603	8.2874545777	9.116779E+09	3.062729E-07	3.330000E+05	3.699188E+05	554.7513717240	24.5648610253	6.2460444405	0.3424529922	0.3386217840	0.3462656613	0.6028860541	0.5944366979	0.6113622565	2.0095270525	2.0088084349	2.0103287746	347.0000000000
7938750.00	7.938750E+06	0.0467753305	8.3464334390	9.081332E+09	3.050821E-07	3.298369E+05	3.666254E+05	554.0141571941	24.6075636754	6.3085713752	0.3420820367	0.3381715537	0.3460496712	0.6017091960	0.5930952204	0.6104950884	2.0077984900	2.0071391877	2.0084633518	346.0000000000
7993500.00	7.993500E+06	0.0474161435	8.4067683306	9.042442E+09	3.037756E-07	3.266685E+05	3.631993E+05	553.3763461089	24.6517895803	6.3723972927	0.3416797153	0.3377346502	0.3457014437	0.6004632621	0.5917688251	0.6093729868	2.0061436176	2.0054991122	2.0067890856	345.0000000000
8048250.00	8.048250E+06	0.0480824458	8.4684553113	9.001026E+09	3.023842E-07	3.235132E+05	3.596954E+05	552.8640543142	24.6971725750	6.4375403871	0.3412697968	0.3373026430	0.3453275159	0.5991853763	0.5904367899	0.6081810133	2.0045108124	2.0038783061	2.0051436767	344.0000000000
8103000.00	8.103000E+06	0.0487742607	8.5315124299	8.957312E+09	3.009157E-07	3.203765E+05	3.561278E+05	552.4830605717	24.7435698660	6.5040171071	0.3408512504	0.3368710309	0.3449328429	0.5978755565	0.5890923767	0.6069303942	2.0029050450	2.0022840119	2.0035261280	343.0000000000
8157750.00	8.157750E+06	0.0494924188	8.5959466482	8.911398E+09	2.993732E-07	3.172546E+05	3.525011E+05	552.2227522679	24.7908641496	6.5718420945	0.3404232758	0.3364371633	0.3445188780	0.5965355295	0.5877334824	0.6056275793	2.0013302836	2.0007203777	2.0019400190	342.0000000000
8212500.00	8.212500E+06	0.0502374085	8.6617718401	8.863426E+09	2.977616E-07	3.141491E+05	3.488234E+05	552.0614789188	24.8389318098	6.6410281177	0.3399847868	0.3359981864	0.3440867445	0.5951652314	0.5863561200	0.6042774617	1.9997902785	1.9991911846	2.0003890461	341.0000000000
8267250.00	8.267250E+06	0.0510091605	8.7290104776	8.813609E+09	2.960881E-07	3.110686E+05	3.451082E+05	551.9752748100	24.8876944107	6.7115860126	0.3395341642	0.3355512514	0.3436365519	0.5937622155	0.5849552138	0.6028813961	1.9982887915	1.9977002320	1.9988769135	340.0000000000
8322000.00	8.322000E+06	0.0518080388	8.7976781044	8.762094E+09	2.943575E-07	3.080160E+05	3.413640E+05	551.9433276564	24.9370850906	6.7835246214	0.3390706179	0.3350945909	0.3431689246	0.5923259188	0.5835280795	0.6014419575	1.9968274989	1.9962492172	1.9974052675	339.0000000000
8376750.00	8.376750E+06	0.0526345181	8.8677893742	8.709006E+09	2.925740E-07	3.049932E+05	3.375980E+05	551.9495423356	24.9870513029	6.8568507350	0.3385935858	0.3346269094	0.3426843989	0.5908560727	0.5820728488	0.5999613237	1.9954070891	1.9948388355	1.9959747776	338.0000000000
8431500.00	8.431500E+06	0.0534891572	8.9393574287	8.654454E+09	2.907413E-07	3.020016E+05	3.338161E+05	551.9822201593	25.0375503612	6.9315690347	0.3381027438	0.3341473555	0.3421834398	0.5893527360	0.5805884318	0.5984413170	1.9940276763	1.9934692359	1.9945855197	337.0000000000
8486250.00	8.486250E+06	0.0543725676	9.0123948555	8.598538E+09	2.888629E-07	2.990419E+05	3.300238E+05	552.0330668757	25.0885434343	7.0076820381	0.3375978833	0.3336553320	0.3416664443	0.5878160903	0.5790741645	0.5968834617	1.9926889344	1.9921400934	1.9932371585	336.0000000000
8541000.00	8.541000E+06	0.0552854225	9.0869133748	8.541347E+09	2.869416E-07	2.961145E+05	3.262257E+05	552.0963795794	25.1393667542	7.0851900433	0.3370789025	0.3331504888	0.3411336970	0.5862464510	0.5775298175	0.5952889407	1.9913903251	1.9908508861	1.9919291344	335.0000000000
8595750.00	8.595750E+06	0.0562284040	9.1629231968	8.482968E+09	2.849804E-07	2.932196E+05	3.224262E+05	552.1682278397	25.1912577011	7.1640910788	0.3365457437	0.3326325653	0.3405854426	0.5846441535	0.5759552919	0.5936587573	1.9901311517	1.9896009343	1.9906607364	334.0000000000
8650500.00	8.650500E+06	0.0572022071	9.2404335349	8.423486E+09	2.829821E-07	2.903578E+05	3.186293E+05	552.2460052142	25.2435553533	7.2443808524	0.3359983863	0.3321013989	0.3400218760	0.5830095880	0.5743506638	0.5919937790	1.9889106105	1.9883894304	1.9894311571	333.0000000000
8705250.00	8.705250E+06	0.0582075780	9.3194527719	8.362977E+09	2.809493E-07	2.875289E+05	3.148388E+05	552.3279411824	25.2962351939	7.3260527018	0.3354368969	0.3315569507	0.3394432097	0.5813432754	0.5727162300	0.5902948525	1.9877278607	1.9872155560	1.9882395339	332.0000000000
8760000.00	8.760000E+06	0.0592452398	9.3999872458	8.301519E+09	2.788847E-07	2.847333E+05	3.110580E+05	552.4128211899	25.3492728791	7.4090975487	0.3348613706	0.3309992464	0.3388496557	0.5796457961	0.5710524174	0.5885628143	1.9865820378	1.9860784477	1.9870850014	331.0000000000
8814750.00	8.814750E+06	0.0603159554	9.4820425599	8.239186E+09	2.767907E-07	2.819709E+05	3.072902E+05	552.4999073664	25.4026458814	7.4935038558	0.3342719415	0.3304283533	0.3382414232	0.5779177807	0.5693597158	0.5867984606	1.9854722782	1.9849772618	1.9859666772	330.0000000000
8869500.00	8.869500E+06	0.0614204724	9.5656224740	8.176052E+09	2.746697E-07	2.792417E+05	3.035385E+05	552.5887433713	25.4563323462	7.5792575800	0.3336687709	0.3298443865	0.3376187403	0.5761599225	0.5676387192	0.5850026298	1.9843977073	1.9839111235	1.9848836859	329.0000000000
8924250.00	8.924250E+06	0.0625595488	9.6507289822	8.112187E+09	2.725242E-07	2.765459E+05	2.998057E+05	552.6790140824	25.5103104656	7.6663421373	0.3330520367	0.3292474845	0.3369818408	0.5743729337	0.5658900568	0.5831761529	1.9833574942	1.9828792131	1.9838351816	328.0000000000
8979000.00	8.979000E+06	0.0637339374	9.7373624523	8.047661E+09	2.703565E-07	2.738833E+05	2.960945E+05	552.7705663009	25.5645612607	7.7547383594	0.3324219743	0.3286378468	0.3363309936	0.5725576479	0.5641144868	0.5813199370	1.9823508011	1.9818806960	1.9828203266	327.0000000000
9033750.00	9.033750E+06	0.0649444030	9.8255215558	7.982540E+09	2.681688E-07	2.712541E+05	2.924072E+05	552.8632425828	25.6190678047	7.8444244630	0.3317788200	0.3280156818	0.3356664772	0.5707148898	0.5623127738	0.5794348971	1.9813768271	1.9809147850	1.9818383075	326.0000000000
9088500.00	9.088500E+06	0.0661916913	9.9152029888	7.916890E+09	2.659633E-07	2.686582E+05	2.887462E+05	552.9570995284	25.6738112722	7.9353760124	0.3311228389	0.3273812261	0.3349885851	0.5688455475	0.5604857488	0.5775219789	1.9804348050	1.9799807210	1.9808883442	325.0000000000
9143250.00	9.143250E+06	0.0674765462	10.0064013614	7.850775E+09	2.637422E-07	2.660956E+05	2.851136E+05	553.0521586904	25.7287708875	8.0275658924	0.3304543211	0.3267347649	0.3342976272	0.5669505501	0.5586343404	0.5755821586	1.9795239706	1.9790778305	1.9799696724	324.0000000000
9198000.00	9.198000E+06	0.0687996923	10.0991089154	7.784256E+09	2.615075E-07	2.635665E+05	2.815115E+05	553.1485113906	25.7839267814	8.1209642766	0.3297735383	0.3260765506	0.3335938977	0.5650308108	0.5567594388	0.5736163741	1.9786437169	1.9782055745	1.9790815811	323.0000000000
9252750.00	9.252750E+06	0.0701618211	10.1933158277	7.717395E+09	2.592614E-07	2.610711E+05	2.779416E+05	553.2463497663	25.8392600222	8.2155386070	0.3290807794	0.3254068315	0.3328776989	0.5630872609	0.5548618478	0.5716255803	1.9777934913	1.9773631871	1.9782234606	322.0000000000
9307500.00	9.307500E+06	0.0715633059	10.2890088529	7.650275E+09	2.570065E-07	2.586125E+05	2.744071E+05	553.3460148605	25.8947411858	8.3112535675	0.3283755986	0.3247251971	0.3321486042	0.5611192587	0.5529411054	0.5696091806	1.9769725940	1.9765500377	1.9773948249	321.0000000000
9362250.00	9.362250E+06	0.0729483131	10.3859419775	7.587081E+09	2.548836E-07	2.567013E+05	2.711196E+05	553.4714694539	25.9486347545	8.4080710689	0.3275303254	0.3239116597	0.3312763759	0.5588587998	0.5507605536	0.5672883733	1.9761891923	1.9757743159	1.9766037652	320.0000000000
9417000.00	9.417000E+06	0.0732930174	10.4799197370	7.601753E+09	2.553765E-07	2.644730E+05	2.718201E+05	554.0460723540	25.9701489846	8.5059502320	0.3242605799	0.3208213549	0.3279298792	0.5515106402	0.5440989757	0.5596695380	1.9755947162	1.9751876010	1.9760015490	319.0000000000
9471750.00	9.471750E+06	0.0734433823	10.5742815103	7.620127E+09	2.559937E-07	2.756939E+05	2.726990E+05	554.7134610390	25.9669983187	8.6048473746	0.3191755352	0.3160803710	0.3227114348	0.5403928849	0.5343388063	0.5480396502	1.9747011296	1.9743104588	1.9750915443	318.0000000000
9526500.00	9.526500E+06	0.0687318737	10.6530736464	7.677294E+09	2.579142E-07	3.754981E+05	2.788802E+05	556.2809150567	25.9688621396	8.7047160060	0.3107990338	0.3080111370	0.3142191593	0.5222464484	0.5173630527	0.5294377468	1.9755403859	1.9751365962	1.9759439574	317.0000000000
9581250.00	9.581250E+06	0.0643786599	10.7237182253	8.755353E+09	2.941310E-07	3.625378E+05	3.329805E+05	559.8602535775	25.8352861506	8.8055068202	0.2989479787	0.2968817026	0.3020979603	0.4968600161	0.4944414771	0.5029851540	1.9754010664	1.9750004407	1.9758015054	316.0000000000
9636000.00	9.636000E+06	0.0650753825	10.8237890724	8.766214E+09	2.944959E-07	3.644802E+05	3.329800E+05	560.7969736898	26.2338176017	8.9071676977	0.2975037413	0.3008825495	0.2964820845	0.5002346322	0.5103838253	0.4951959532	1.9567297673	1.9569673343	1.9564956620	315.0000000000
9690750.00	9.690750E+06	0.0211136803	10.8439336553	8.085169E+08	2.716165E-08	5.438765E+06	3.119191E+04	561.3893554950	25.6687521240	9.0096437081	0.2503813869	0.2552715364	0.2410492064	0.3994008892	0.4076943708	0.3808892854	1.9618131365	1.9616100957	1.9620166592	314.0000000000
9745500.00	9.745500E+06	0.0621695832	10.9971422343	9.548080E+09	3.207622E-07	3.949873E+05	3.688595E+05	566.9054419486	26.1651691097	9.1128771207	0.2436153607	0.2446488955	0.2432353898	0.3788793019	0.3823864546	0.3768692132	1.9304969829	1.9312368236	1.9297655561	313.0000000000
9800250.00	9.800250E+06	0.0554284437	11.0552041486	1.045530E+10	3.512397E-07	5.102234E+05	4.274498E+05	568.9581027864	26.1163733523	9.2168074154	0.2350012819	0.2325889097	0.2356955449	0.3557591932	0.3498448499	0.3585844766	1.9618474636	1.9572885572	1.9746601364	312.0000000000
9855000.00	9.855000E+06	0.0498029575	11.1465607605	9.099901E+09	3.057059E-07	9.755658E+05	3.614794E+05	566.4436111687	26.1272360272	9.3213713028	0.2142410657	0.2115199954	0.2167466975	0.3068611675	0.3013663598	0.3127333349	2.8945355518	2.8784738078	2.9001266430	311.0000000000
9909750.00	9.909750E+06	0.0206870138	11.1072598390	1.840563E+09	6.183264E-08	7.196927E+06	7.751600E+04	565.3387155695	25.2174119105	9.4265027457	0.2033238452	0.2037949822	0.2019921166	0.2897437742	0.2899403240	0.2869053926	1.9747246969	1.9744574680	1.9749919796	310.0000000000
9964500.00	9.964500E+06	0.0577015060	11.3754253163	1.041638E+10	3.499322E-07	5.129294E+05	4.231611E+05	572.5498988418	26.0884350931	9.5321329912	0.2003039734	0.1967729069	0.2037896418	0.2753220935	0.2672066182	0.2834482707	2.9055465208	2.9061228743	2.9049666002	309.0000000000
10019250.00	1.001925E+07	0.0272697060	11.4891389016	9.066020E+08	3.045677E-08	3.076507E+06	3.233532E+04	567.6525563778	25.2091215042	9.6381906013	0.1918860517	0.1882069937	0.1957397675	0.2560661729	0.2477802221	0.2648053636	1.9772747715	1.9769087140	1.9776409128	308.0000000000
10074000.00	1.007400E+07	0.0659867143	11.6486066455	8.305612E+09	2.790222E-07	5.777717E+05	3.106697E+05	566.6062735109	26.3056656247	9.7446014937	0.1889517987	0.1887300457	0.1876469313	0.2522522874	0.2533510937	0.2499329601	1.9423156797	1.9430279382	1.9416119999	307.0000000000
10128750.00	1.012875E+07	0.0246841636	11.5943045485	7.899835E+08	2.653904E-08	4.746737E+06	2.837802E+04	574.4040929856	26.0293274564	9.8512889907	0.2087141672	0.2156950206	0.2071455916	0.3120536752	0.3332910602	0.3020312170	1.9448554569	1.9456679531	1.9440509328	306.0000000000
10183500.00	1.018350E+07	0.0699907962	11.8718085657	9.347402E+09	3.140205E-07	3.957871E+05	3.549353E+05	570.1376433870	26.2108355637	9.9581738675	0.1708925848	0.1702345549	0.1679118502	0.2124497604	0.2097619602	0.2081545873	2.9086780154	2.9092728896	2.9080885436	305.0000000000
10238250.00	1.023825E+07	0.0286167076	11.7350521172	5.152464E+08	1.730940E-08	3.557161E+06	1.702900E+04	577.0390075458	25.2225722087	10.0651744144	0.1713112228	0.1676018479	0.1751666339	0.2092798438	0.2008438713	0.2180748707	1.9719548424	1.9717435749	1.9721663932	304.0000000000
10293000.00	1.029300E+07	0.0188151029	11.9182583934	2.257956E+09	7.585471E-08	9.270059E+06	9.125564E+04	572.0781720815	26.1043151901	10.1722064991	0.1930578668	0.1893457150	0.1969375480	0.2619503915	0.2536512195	0.2706474693	1.9627522304	1.9634434932	1.9620601091	303.0000000000
10347750.00	1.034775E+07	0.0314135715	11.9262355996	3.949037E+08	1.326656E-08	2.967054E+06	1.256854E+04	575.4949483438	25.7882155443	10.2791836422	0.1711900356	0.1677600781	0.1749272402	0.2098233164	0.2026089525	0.2181220213	1.9739089137	1.9735960960	1.9742219545	302.0000000000
10402500.00	1.040250E+07	0.0331182686	12.0076833866	1.457909E+10	4.897761E-07	1.945776E+06	8.282825E+05	574.0312543692	25.8632282480	10.3860170944	0.1630055529	0.1618281007	0.1658538028	0.1952275210	0.1963401555	0.1997117485	2.9156436868	2.9161567404	2.9151351783	301.0000000000
10457250.00	1.045725E+07	0.0532704262	12.3373789091	9.927533E+09	3.335097E-07	1.041030E+06	4.138022E+05	580.9493082719	25.6460411822	10.4926159225	0.1516376540	0.1557751134	0.1460002671	0.1797719846	0.1898835346	0.1663440551	1.9604806007	1.9603698690	1.9605926306	300.0000000000
10512000.00	1.051200E+07	0.0346283249	12.3105029881	1.600696E+09	5.377444E-08	2.479509E+06	5.354016E+04	581.8830206873	25.4843011370	10.5988871060	0.1008924800	0.1000975329	0.0976870430	0.0537243277	0.0507359400	0.0492080874	1.9598314235	1.9599273605	1.9597371457	299.0000000000
10566750.00	1.056675E+07	0.0349380947	12.4300468458	1.580277E+09	5.308847E-08	2.468982E+06	5.264701E+04	582.5288715003	25.5085787879	10.7047356365	0.1025612739	0.0990243355	0.1061752150	0.0548645084	0.0467294050	0.0632240447	1.9596954627	1.9597967783	1.9595958990	298.0000000000
10621500.00	1.062150E+07	0.0357239452	12.5331242062	1.579608E+09	5.306602E-08	2.426714E+06	5.225987E+04	582.7168158995	25.5694801663	10.8100646269	0.1026485299	0.0990721991	0.1063706619	0.0547671345	0.0465661064	0.0632273179	1.9596201614	1.9597294195	1.9595127389	297.0000000000
10676250.00	1.067625E+07	0.0324707547	12.5901875203	1.287896E+10	4.326610E-07	2.760209E+06	7.154742E+05	581.0079432515	25.9577320902	10.9147754301	0.0793032078	0.0790729564	0.0783085633	0.0106587303	0.0095523688	0.0080732148	2.8924884675	2.8492221574	2.8920818177	296.0000000000
10731000.00	1.073100E+07	0.0324758889	12.7218209848	1.210192E+10	4.065569E-07	2.998735E+06	6.591208E+05	580.2807142226	26.1247548000	11.0187677631	0.0878192522	0.0892544718	0.0916372373	0.0344076962	0.0401160946	0.0428266218	2.9302687835	2.9304665761	2.9300709499	295.0000000000
10785750.00	1.078575E+07	0.0239012471	12.8771686933	3.744037E+09	1.257788E-07	7.434408E+06	1.615379E+05	590.6829331959	25.2058073534	11.1219398395	0.1023046371	0.1060653064	0.1062407609	0.0733754406	0.0808444055	0.0821538824	1.9776813101	1.9778160189	1.9775498576	294.0000000000
10840500.00	1.084050E+07	0.0233469428	13.0223919596	2.198975E+09	7.387328E-08	7.564356E+06	7.976318E+04	585.1709063401	25.5793501179	11.2241885115	0.0818703053	0.0878077151	0.0816512533	0.0307754932	0.0464670518	0.0265119532	1.9607761223	1.9608435304	1.9607108635	293.0000000000
10895250.00	1.089525E+07	0.0324056231	13.1255308604	5.914226E+08	1.986850E-08	3.564026E+06	1.829765E+04	593.7687084744	25.9290519133	11.3254094190	0.0758271766	0.0776213228	0.0758460984	0.0196882734	0.0260646325	0.0156265340	2.9192025400	2.9197850204	2.9186245841	292.0000000000
10950000.00	1.095000E+07	0.0253688462	13.2342886390	3.976204E+09	1.335783E-07	7.180132E+06	1.690471E+05	588.9867496019	25.6089853168	11.4254971470	0.1090088614	0.1157954963	0.1039603959	0.0986913167	0.1158459845	0.0833120526	2.3309447496	2.1559885715	2.5631595478	291.0000000000
11004750.00	1.100475E+07	0.0291145438	13.4797758490	1.122015E+09	3.769343E-08	4.694104E+06	3.747364E+04	587.9124129595	25.9743525453	11.5243453904	0.1365454958	0.1373347810	0.1299839110	0.1635985079	0.1638780380	0.1520170298	1.9656475697	1.9666012468	1.9647017398	290.0000000000
11059500.00	1.105950E+07	0.0390581379	13.4659017953	1.401384E+10	4.707869E-07	2.111936E+06	7.550066E+05	586.0803647073	25.8375539240	11.6218471284	0.1673687793	0.1636818946	0.1707711859	0.2346562635	0.2265540443	0.2422941339	1.9917162391	1.9908656232	1.9939717829	289.0000000000
11114250.00	1.111425E+07	0.0769787670	13.8623085514	1.052487E+10	3.535768E-07	5.569851E+05	4.168689E+05	586.3846314656	25.8630391359	11.7178948055	0.1521646191	0.1482664393	0.1562328043	0.1925977099	0.1840494733	0.2016019917	1.9628161296	1.9628063645	1.9628311365	288.0000000000
11169000.00	1.116900E+07	0.0283616917	13.7500660762	4.129250E+09	1.387198E-07	6.835503E+06	1.702372E+05	592.8840556530	26.1155285656	11.8123805203	0.1189602138	0.1149763703	0.1230239332	0.1152720218	0.1066744010	0.1238511725	2.9191564880	2.9136539634	2.9185679701	287.0000000000
11223750.00	1.122375E+07	0.0312489351	13.9798780675	1.349503E+09	4.533577E-08	5.074806E+06	4.464306E+04	594.7797232768	26.0424907306	11.9051962231	0.1238511963	0.1220315516	0.1272503688	0.1388319924	0.1392019602	0.1464462975	1.9707341118	1.9717192673	1.9697512990	286.0000000000
11278500.00	1.127850E+07	0.0413188341	14.0279557545	1.306628E+10	4.389539E-07	2.704301E+06	7.021720E+05	593.1009695245	25.8613123145	11.9962339202	0.1263732283	0.1225301419	0.1297449961	0.1543660731	0.1459044489	0.1595769098	2.0009022010	1.9954036489	2.0004483523	285.0000000000
11333250.00	1.133325E+07	0.0631032526	14.3084453541	1.002315E+10	3.367220E-07	1.671737E+06	4.244208E+05	598.0912938019	25.7398923486	12.0853858838	0.0687798727	0.0649070984	0.0687485622	0.0267561837	0.0184291018	0.0215683584	1.9689572299	1.9699544996	1.9679513409	284.0000000000
11388000.00	1.138800E+07	0.0510828917	14.3315185106	1.350993E+10	4.538583E-07	2.214712E+06	7.117781E+05	591.5841448898	25.8134471788	12.1725448722	0.0804591814	0.0806434901	0.0797609799	0.0550070198	0.0578858676	0.0459716418	2.9256328086	2.9261112919	2.9251431091	283.0000000000
11442750.00	1.144275E+07	0.0828203361	14.6029351600	1.276395E+10	4.287975E-07	9.702155E+05	5.733744E+05	597.2386804422	26.1241071101	12.2576043532	0.0774299396	0.0758789544	0.0772282567	0.0534548561	0.0499063918	0.0532471464	1.9770498542	1.9780135238	1.9760675713	282.0000000000
11497500.00	1.149750E+07	0.0892897218	14.7238987580	1.304792E+10	4.383374E-07	1.097951E+06	5.996480E+05	605.9771076715	26.0935261748	12.3404587355	0.0863158568	0.0777263505	0.0937733731	0.0758078613	0.0578731730	0.0951515160	1.9750389898	1.9752352125	1.9748485938	281.0000000000
11552250.00	1.155225E+07	0.1047928409	14.8551029349	1.308035E+10	4.394267E-07	1.098897E+06	6.042539E+05	606.8229022374	25.9516867916	12.4210036048	0.0698742988	0.0372467671	0.0790071992	0.0478671514	-0.0184840869	0.0667814576	2.0030955629	2.0589072736	1.9961524660	280.0000000000
11607000.00	1.160700E+07	0.1288531619	14.9824896221	1.288919E+10	4.330049E-07	1.078189E+06	5.920258E+05	606.8610868262	26.0118550238	12.4991359668	0.0727431532	0.0644583170	0.0805116418	0.0521963054	0.0349175543	0.0684190960	1.9930209770	1.9970990094	1.9916522562	279.0000000000
11661750.00	1.166175E+07	0.1604082813	15.0982320678	1.276096E+10	4.286969E-07	1.059367E+06	5.857935E+05	607.0530789098	26.0789901264	12.5747544915	0.0728197707	0.0653657257	0.0797987911	0.0518190552	0.0361485108	0.0665728520	1.9923982404	1.9938042845	1.9914710685	278.0000000000
11716500.00	1.171650E+07	0.2020776558	15.2042506813	1.254271E+10	4.213650E-07	1.039875E+06	5.739507E+05	606.9483268572	26.1597108815	12.6477597655	0.0728602893	0.0654876506	0.0800994203	0.0516290547	0.0360925802	0.0669200435	1.9920495750	1.9929695665	1.9911601352	277.0000000000
11771250.00	1.177125E+07	0.2530965227	15.3001255864	1.230987E+10	4.135429E-07	1.019673E+06	5.615363E+05	606.8018774459	26.2372682181	12.7180545456	0.0729156781	0.0653882387	0.0804060759	0.0515043597	0.0356517216	0.0673048514	1.9917084918	1.9925911439	1.9908305828	276.0000000000
11826000.00	1.182600E+07	0.3112969214	15.3866820192	1.207016E+10	4.054902E-07	9.990901E+05	5.489707E+05	606.6325980829	26.3082932059	12.7855440136	0.0729838769	0.0653370385	0.0806558390	0.0514270779	0.0353354825	0.0675934680	1.9913669767	1.9922355732	1.9905021493	275.0000000000
11880750.00	1.188075E+07	0.3728417652	15.4649283137	1.182782E+10	3.973487E-07	9.785341E+05	5.364221E+05	606.4363750828	26.3732674949	12.8501360379	0.0730535867	0.0653433712	0.0808407598	0.0513590631	0.0351391918	0.0677592898	1.9910348979	1.9918904796	1.9901838549	274.0000000000
11935500.00	1.193550E+07	0.4333072324	15.5358021944	1.158587E+10	3.892206E-07	9.582921E+05	5.240142E+05	606.2123781325	26.4330601008	12.9117414309	0.0731153654	0.0653930428	0.0809555830	0.0512717271	0.0350323498	0.0677756132	1.9907206256	1.9915641138	1.9898827623	273.0000000000
11990250.00	1.199025E+07	0.4890894069	15.6000165487	1.134602E+10	3.811630E-07	9.384469E+05	5.118384E+05	605.9775996110	26.4884769611	12.9702742112	0.0731720908	0.0654730453	0.0810191859	0.0511896940	0.0350034088	0.0677037876	1.9904279367	1.9912603647	1.9896020736	272.0000000000
12045000.00	1.204500E+07	0.5381927776	15.6580614935	1.110990E+10	3.732306E-07	9.191582E+05	4.999595E+05	605.7240258692	26.5403058741	13.0256518617	0.0732190252	0.0655676491	0.0810421921	0.0511052704	0.0350201774	0.0675796430	1.9901614839	1.9909839599	1.9893462524	271.0000000000
12099750.00	1.209975E+07	0.5802446079	15.7102487958	1.087860E+10	3.654604E-07	9.005115E+05	4.884173E+05	605.4512867531	26.5892014604	13.0777955898	0.0732537008	0.0656668015	0.0810533332	0.0510131528	0.0350620289	0.0675624398	1.9899239232	1.9907375040	1.9891180099	270.0000000000
12154500.00	1.215450E+07	0.6157696665	15.7567345957	1.065323E+10	3.578891E-07	8.832071E+05	4.772885E+05	605.2055052402	26.6352789572	13.1266305821	0.0732285496	0.0657082804	0.0810086591	0.0508598231	0.0350036930	0.0675860957	1.9897232213	1.9905288597	1.9889254618	269.0000000000
12209250.00	1.220925E+07	0.6458812054	15.7975992475	1.043424E+10	3.505322E-07	8.673144E+05	4.665877E+05	604.9895050446	26.6781227641	13.1720862580	0.0731360670	0.0656827314	0.0814118275	0.0506362439	0.0348412260	0.0710209298	1.9895613435	1.9903599997	1.9887705989	268.0000000000
12264000.00	1.226400E+07	0.6712037230	15.8328128312	1.022276E+10	3.434276E-07	8.546436E+05	4.564639E+05	604.8361053182	26.3610112002	13.2140965185	0.0728410369	0.0654252248	0.0821907051	0.0501976424	0.0342465660	0.0776978642	1.9894549088	1.9902479253	1.9886697417	267.0000000000
12318750.00	1.231875E+07	0.6913420948	15.8622485620	1.002065E+10	3.366379E-07	8.494323E+05	4.472502E+05	604.8224039724	26.3942518778	13.2525999887	0.0720206972	0.0645526138	0.0845181830	0.0492059163	0.0324995663	0.0944568021	1.9894418694	1.9902314790	1.9886600205	266.0000000000
12373500.00	1.237350E+07	0.7034268826	15.8855983119	9.832015E+09	3.303008E-07	8.626368E+05	4.397731E+05	605.1477586305	26.4153180689	13.2875402546	0.0698521433	0.0620209243	0.0818582490	0.0468274005	0.0273463403	0.0891009830	1.9896191745	1.9904100065	1.9888360880	265.0000000000
12428250.00	1.242825E+07	0.7075211053	15.9029099430	9.600892E+09	3.225364E-07	9.059017E+05	4.308211E+05	605.7776072802	26.4376002002	13.3188660924	0.0678237798	0.0597781671	0.0884299182	0.0442214392	0.0230713299	0.1245180210	1.9898177766	1.9906106914	1.9890325000	264.0000000000
12483000.00	1.248300E+07	0.7177365311	15.9150142718	9.474034E+09	3.182747E-07	9.043346E+05	4.266190E+05	606.1295035290	26.4452764531	13.3465316887	0.0644493264	0.0556046636	0.0841504520	0.0412089098	0.0146486659	0.1159997023	1.9901753669	1.9909733003	1.9893851144	263.0000000000
12537750.00	1.253775E+07	0.7347599467	15.9220636771	9.287899E+09	3.120216E-07	8.886887E+05	4.177465E+05	605.9887152681	26.4801593072	13.3704968508	0.0643979879	0.0558110827	0.1034868947	0.0410624667	0.0157819628	0.1806995407	1.9901635645	1.9909573320	1.9893771319	262.0000000000
12592500.00	1.259250E+07	0.7367681156	15.9222045538	9.213945E+09	3.095371E-07	8.994138E+05	4.176220E+05	606.7621905649	26.4772395462	13.3907272068	0.0604981625	0.0509629837	0.0930041371	0.0367718806	0.0058032051	0.1523789723	1.9902993274	1.9910935851	1.9895121280	261.0000000000
12647250.00	1.264725E+07	0.7268508353	15.9161581108	8.877453E+09	2.982329E-07	1.000752E+06	4.037023E+05	607.8716104658	26.4981505761	13.4071943919	0.0580850989	0.0481937211	0.0955999466	0.0337323426	0.0004809180	0.1650950657	1.9907625028	1.9915649892	1.9899669772	260.0000000000
12702000.00	1.270200E+07	0.7414145202	15.9059075877	8.707236E+09	2.925145E-07	9.844331E+05	3.957498E+05	607.8299774038	26.5298984368	13.4198762238	0.0580185039	0.0484183991	0.0954281739	0.0335898508	0.0018135636	0.1647658438	1.9908280508	1.9916275026	1.9900351541	259.0000000000
12756750.00	1.275675E+07	0.7459717774	15.8891908492	8.618316E+09	2.895273E-07	9.849274E+05	3.940329E+05	608.3714803042	26.5415694579	13.4287568610	0.0561201026	0.0460690219	0.1008333068	0.0315623155	-0.0032048809	0.1803220155	1.9910208581	1.9918204781	1.9902274488	258.0000000000
12811500.00	1.281150E+07	0.7594282750	15.8673978237	8.457039E+09	2.841093E-07	9.696860E+05	3.865471E+05	608.3329971707	26.5711976188	13.4338269480	0.0560443105	0.0462284767	0.1006366296	0.0314174952	-0.0022794946	0.1799432294	1.9911402473	1.9919376031	1.9903487081	257.0000000000
12866250.00	1.286625E+07	0.7812581305	15.8404269710	8.236232E+09	2.766914E-07	9.409049E+05	3.741891E+05	607.7367416708	26.5984899747	13.4350837421	0.0548222635	0.0445689658	0.0948938035	0.0307839854	-0.0058743670	0.1661677960	1.9913103776	1.9921063787	1.9905197714	256.0000000000
12921000.00	1.292100E+07	0.7819673371	15.8064857822	8.171820E+09	2.745275E-07	9.457951E+05	3.740563E+05	608.4643177273	26.6023536294	13.4325312233	0.0525335269	0.0412375731	0.0876153255	0.0297848825	-0.0134361679	0.1493381864	1.9921794654	1.9929898655	1.9913746895	255.0000000000
12975750.00	1.297575E+07	0.7940114996	15.7677304244	8.024679E+09	2.695844E-07	9.321852E+05	3.673027E+05	608.4457679292	26.6389362730	13.4261801855	0.0540237904	0.0434662031	0.0933591310	0.0310111387	-0.0083351271	0.1631544361	1.9924060849	1.9932151141	1.9916022615	254.0000000000
13030500.00	1.303050E+07	0.8080057984	15.7236440967	7.865576E+09	2.642394E-07	9.153821E+05	3.595035E+05	608.2773835952	26.6784233695	13.4160483072	0.0556821722	0.0463483584	0.0997143181	0.0307822206	-0.0019232784	0.1781563237	1.9918957482	1.9926875275	1.9911080067	253.0000000000
13085250.00	1.308525E+07	0.8187252645	15.6739904499	7.730661E+09	2.597071E-07	9.033890E+05	3.534255E+05	608.3070861990	26.7025066128	13.4021602034	0.0555767514	0.0462478992	0.0916023065	0.0306095244	-0.0026751700	0.1572424045	1.9921465926	1.9929378099	1.9913589556	252.0000000000
13140000.00	1.314000E+07	0.8387260848	15.6195562521	7.541533E+09	2.533534E-07	8.778868E+05	3.426628E+05	607.7627823757	26.7425785032	13.3845474531	0.0572522747	0.0486149436	0.0935845806	0.0322215929	0.0024263187	0.1611801748	1.9923326340	1.9931212101	1.9915471359	251.0000000000
13194750.00	1.319475E+07	0.8510113818	15.5596560397	7.402977E+09	2.486987E-07	8.634461E+05	3.358753E+05	607.6561047131	26.7766671241	13.3632486074	0.0588204590	0.0507523940	0.0871517704	0.0336142143	0.0064631836	0.1371089187	1.9926506443	1.9934389084	1.9918650346	250.0000000000
13249500.00	1.324950E+07	0.9003541034	15.4960656839	7.384884E+09	2.480909E-07	7.407438E+05	3.300034E+05	605.7678863550	26.8247464459	13.3383091733	0.0629768652	0.0559410795	0.1003338588	0.0383684993	0.0162734877	0.1745351407	1.9924930183	1.9932684841	1.9917194549	249.0000000000
13304250.00	1.330425E+07	0.9084784465	15.4262193809	7.271588E+09	2.442848E-07	7.331735E+05	3.250939E+05	605.8678896049	26.8438157789	13.3097815728	0.0628184504	0.0559153891	0.0806813334	0.0381181419	0.0163069759	0.1092029477	1.9928384217	1.9936146127	1.9920637661	248.0000000000
13359000.00	1.335900E+07	0.9221936879	15.3520320820	7.134546E+09	2.396809E-07	7.181479E+05	3.180287E+05	605.6428072019	26.8716802721	13.2777250794	0.0637082701	0.0572987267	0.0817462151	0.0384357992	0.0191698292	0.1113385207	1.9929131396	1.9936840076	1.9921431255	247.0000000000
13413750.00	1.341375E+07	0.9486840282	15.2738297291	7.058330E+09	2.371205E-07	6.661639E+05	3.126076E+05	604.8451268463	26.9137708241	13.2422057296	0.0675740570	0.0622193377	0.0773223327	0.0423776255	0.0290839615	0.0800977725	1.9930335366	1.9937985528	1.9922690879	246.0000000000
13468500.00	1.346850E+07	0.9543898386	15.1907885966	6.957893E+09	2.337464E-07	6.608356E+05	3.084463E+05	604.9954102891	26.9293891115	13.2032962084	0.0673768537	0.0620027768	0.0769847418	0.0420781169	0.0279784523	0.0794797295	1.9934371049	1.9942041225	1.9926709749	245.0000000000
13523250.00	1.352325E+07	0.9698489964	15.1041165395	6.861307E+09	2.305016E-07	6.359519E+05	3.032254E+05	604.6609265035	26.9575573147	13.1610757100	0.0692115037	0.0643832719	0.0757222230	0.0437482816	0.0325594527	0.0646906071	1.9936313902	1.9943943702	1.9928684114	244.0000000000
13578000.00	1.357800E+07	0.9738626731	15.0133854703	6.768658E+09	2.273891E-07	6.317548E+05	2.994952E+05	604.8448610915	26.9710652517	13.1156297739	0.0689928370	0.0642992345	0.0741585344	0.0434246339	0.0325203761	0.0563191193	1.9940720725	1.9948450193	1.9933068205	243.0000000000
13632750.00	1.363275E+07	0.9810245085	14.9192880342	6.679732E+09	2.244017E-07	6.206996E+05	2.955020E+05	604.8569571948	26.9886023329	13.0670500941	0.0695349822	0.0651222728	0.0747076546	0.0438458749	0.0341939174	0.0575155977	1.9944439348	1.9952326381	1.9936778162	242.0000000000
13687500.00	1.368750E+07	0.9848312447	14.8218826603	6.594304E+09	2.215318E-07	6.147503E+05	2.919914E+05	605.0048608998	27.0020002920	13.0154343032	0.0695829002	0.0653440257	0.0742341269	0.0437840205	0.0347442553	0.0546037919	1.9948917721	1.9957243429	1.9941221040	241.0000000000
13742250.00	1.374225E+07	0.9868895324	14.7214749410	6.512135E+09	2.187714E-07	6.109065E+05	2.887618E+05	605.2134960158	27.0133622690	12.9608857327	0.0694374534	0.0653153282	0.0738221597	0.0435308864	0.0348465640	0.0531298609	1.9954022777	1.9963332388	1.9946079271	240.0000000000
13797000.00	1.379700E+07	0.9878071479	14.6183434596	6.433105E+09	2.161164E-07	6.080667E+05	2.857380E+05	605.4549930798	27.0234588253	12.9035131468	0.0692127929	0.0646444596	0.0734275481	0.0431988619	0.0336832849	0.0521940382	1.9959637793	1.9980216187	1.9951305893	239.0000000000
13851750.00	1.385175E+07	0.9877133580	14.5127540941	6.356893E+09	2.135561E-07	6.060157E+05	2.829039E+05	605.7205407130	27.0330462173	12.8434304530	0.0688300201	0.0634275355	0.0730885930	0.0426571630	0.0315142148	0.0516117608	1.9969634790	2.0008399608	1.9957033546	238.0000000000
13906500.00	1.390650E+07	0.9869283437	14.4049812751	6.283048E+09	2.110753E-07	6.042837E+05	2.802015E+05	605.9950321386	27.0425681508	12.7807563884	0.0683364315	0.0603809794	0.0728084830	0.0419526300	0.0257921504	0.0513193567	1.9984103664	2.0074109537	1.9964613966	237.0000000000
13961250.00	1.396125E+07	0.9853248678	14.2952833778	6.210353E+09	2.086332E-07	6.032466E+05	2.776195E+05	606.2754692262	27.0534769622	12.7156141838	0.0674255517	0.0528917369	0.0727435363	0.0406455944	0.0113509495	0.0516211878	2.0013498838	2.0237149445	1.9974541642	236.0000000000
14016000.00	1.401600E+07	0.6152116639	14.1704033816	2.489663E+09	8.363878E-08	2.807166E+06	1.067697E+05	608.3502478296	27.1003733334	12.6481312052	0.0464927104	0.0017195008	0.0944015973	0.0184857104	-0.1162785060	0.1289092833	2.3415429897	2.7530768225	2.0740379214	235.0000000000
14070750.00	1.407075E+07	0.6294455090	14.0614641667	4.155092E+09	1.395879E-07	2.233037E+06	2.042442E+05	608.7653908314	27.1388717307	12.5784385748	0.0567499474	0.0221106582	0.0798085046	0.0188847846	-0.0682657036	0.0768016810	2.8560013724	2.9006651249	2.7540316638	234.0000000000
14125500.00	1.412550E+07	0.6145657906	13.9477363312	3.529605E+09	1.185750E-07	2.465786E+06	1.725956E+05	615.8353467504	27.2173741848	12.5066707721	0.0700312367	0.0390905184	0.0979877010	0.0546996144	-0.0278216657	0.1246385176	1.9835180351	1.9839244655	1.9831062084	233.0000000000
14180250.00	1.418025E+07	0.5944807054	13.8348545278	3.308086E+09	1.111332E-07	2.444995E+06	1.661633E+05	608.3214173442	27.2287301829	12.4329652161	0.0821015556	0.0459975770	0.1050379567	0.0802750217	-0.0140620986	0.1394811785	1.9845907954	1.9848719179	1.9843034350	232.0000000000
14235000.00	1.423500E+07	0.6816054775	13.7202845271	3.004472E+09	1.009335E-07	1.514078E+06	1.643404E+05	603.1550552523	27.2972048771	12.3574618316	0.0960298468	0.0806506658	0.1153192351	0.1009277025	0.0625610122	0.1440109020	1.9914072409	1.9917686589	1.9910400712	231.0000000000
14289750.00	1.428975E+07	1.0043524106	13.6124811434	5.535601E+09	1.859653E-07	5.888749E+05	2.457715E+05	605.2591453860	27.3539358705	12.2803025988	0.0805394256	0.0518610718	0.1098271691	0.0768315506	-0.0275406528	0.1586516652	1.9873911272	1.9876795991	1.9870957992	230.0000000000
14344500.00	1.434450E+07	0.5940585898	13.4887411673	3.322070E+09	1.116030E-07	2.478731E+06	1.673697E+05	601.0350186875	27.3531243072	12.2016310906	0.0990873279	0.0847022530	0.1221075939	0.0934713624	0.0579653518	0.1656988489	2.9284051906	2.9283036024	2.9284848397	229.0000000000
14399250.00	1.439925E+07	0.6631481834	13.3750496281	1.660864E+09	5.579576E-08	1.736281E+06	8.464186E+04	606.3683632197	27.4158422474	12.1215919959	0.0823984449	0.0603994371	0.1203290727	0.0635343027	0.0020672507	0.1677075840	2.9281038033	2.9280142618	2.9281634867	228.0000000000
14454000.00	1.445400E+07	0.6745642324	13.2595094915	4.330198E+08	1.454705E-08	1.639157E+06	1.526841E+04	602.6998251261	26.9766227385	12.0403306352	0.1200861836	0.1101364644	0.1341461981	0.1301738879	0.1067630979	0.1817909405	1.9648032971	1.9649390769	1.9646613349	227.0000000000
14508750.00	1.450875E+07	0.5936921206	13.1434953198	2.670177E+09	8.970306E-08	2.506128E+06	1.298842E+05	597.0782187501	27.4415132239	11.9579924666	0.0899885613	0.0633984324	0.1188399123	0.0843753201	0.0157333275	0.1541519856	2.9278003591	2.9276915538	2.9279040761	226.0000000000
14563500.00	1.456350E+07	0.6684656630	13.0317595450	3.388756E+08	1.138433E-08	1.626531E+06	1.007685E+04	606.1552349752	27.4367474793	11.8747225860	0.1087951561	0.0864066018	0.1309947691	0.1141505539	0.0518273178	0.1727581370	1.9927450738	1.9930350549	1.9924466911	225.0000000000
14618250.00	1.461825E+07	0.6496726634	12.9155953107	2.384188E+09	8.009542E-08	2.270545E+06	1.118812E+05	603.4268712191	27.1137673665	11.7906652244	0.1294874709	0.1127338149	0.1481233039	0.1603109262	0.1138516486	0.2071177793	1.9888489750	1.9890750725	1.9886134313	224.0000000000
14673000.00	1.467300E+07	0.6547942266	12.8037042728	2.335593E+09	7.846289E-08	2.217803E+06	1.098927E+05	602.3882781113	27.6554722684	11.7059632422	0.1373327569	0.1288709668	0.1804210972	0.1685421676	0.1317324832	0.2914424246	2.8980262438	2.9155806204	2.8534250595	223.0000000000
14727750.00	1.472775E+07	0.5899169179	12.6944159564	1.536130E+09	5.160538E-08	2.559203E+06	6.325847E+04	596.5394790353	27.4947244294	11.6207576266	0.0854713367	0.0597409946	0.1216234604	0.0690320496	-0.0042807563	0.1566301589	2.3351648588	2.5603886709	2.0708162028	222.0000000000
14782500.00	1.478250E+07	0.6272430185	12.5848295349	2.621575E+09	8.807028E-08	2.114263E+06	1.265399E+05	597.3120455755	27.5435299162	11.5351869889	0.1109642270	0.0545470124	0.1308591160	0.1152395073	-0.0107703390	0.1546715419	2.9264423026	2.9264477552	2.9262222975	221.0000000000
14837250.00	1.483725E+07	0.6441895026	12.4740772140	1.480867E+09	4.974885E-08	2.427333E+06	6.232362E+04	595.6691271918	27.5947883300	11.4493870703	0.1256678663	0.1137238143	0.1419895610	0.1442872171	0.1070022773	0.1847409687	2.9263536404	2.9262372654	2.9264569504	220.0000000000
14892000.00	1.489200E+07	0.6111875970	12.3675488405	1.846033E+09	6.201640E-08	2.521756E+06	8.286524E+04	601.2485552741	27.5212612682	11.3634902537	0.1109971700	0.0974463906	0.1268115113	0.1063119024	0.0636432762	0.1498491481	2.9254166646	2.9252890221	2.9255403199	219.0000000000
14946750.00	1.494675E+07	0.6518759110	12.2636536479	1.304121E+09	4.381119E-08	2.354926E+06	5.406614E+04	590.7169152698	27.2007757661	11.2776250868	0.0965432283	0.0731636046	0.1154259371	0.0788962178	0.0162416159	0.1287172916	1.9934106196	1.9936347826	1.9931763322	218.0000000000
15001500.00	1.500150E+07	0.6401787685	12.1611964949	1.418422E+09	4.765106E-08	2.363909E+06	6.071796E+04	593.7012318721	27.8654899014	11.1919158170	0.1895133231	0.1875810114	0.2159427903	0.2593522675	0.2441156840	0.3528289787	2.7489052410	2.8510745387	2.3437401392	217.0000000000
15056250.00	1.505625E+07	0.6334430518	12.0606447803	2.196190E+09	7.377974E-08	2.136603E+06	1.076573E+05	595.8668692106	27.7420735314	11.1064819420	0.1719557604	0.1679166061	0.1990379289	0.2263773656	0.2067494592	0.3007247681	2.9240328058	2.9239401408	2.9240458973	216.0000000000
15111000.00	1.511100E+07	0.6311235295	11.9602543001	1.320478E+09	4.436068E-08	2.380322E+06	5.615908E+04	593.2793051390	27.7736372086	11.0214377779	0.1836510884	0.1805915769	0.2097430832	0.2483246447	0.2316560841	0.3283868634	2.8503997744	2.8951351442	2.5674444778	215.0000000000
15165750.00	1.516575E+07	0.7284624370	11.8664759680	5.421052E+09	1.821171E-07	7.819128E+05	2.967642E+05	596.9279091576	27.6307601935	10.9368920456	0.1148306576	0.1099947205	0.1317019872	0.1096957799	0.0931840546	0.1591596994	1.9576050024	1.9575888866	1.9576137084	214.0000000000
15220500.00	1.522050E+07	0.6342122640	11.7683947449	1.331709E+09	4.473800E-08	2.279687E+06	5.830509E+04	590.8675101971	27.3540109799	10.8529474815	0.1833259738	0.1753615307	0.2044900342	0.2533161025	0.2280334416	0.3202230975	1.9936659839	1.9938184022	1.9934859642	213.0000000000
15275250.00	1.527525E+07	0.5925292922	11.6748027739	1.582726E+09	5.317076E-08	2.465429E+06	7.246186E+04	596.3180690570	27.7474702160	10.7697004692	0.1910804261	0.1869280201	0.1985397374	0.2609871258	0.2394785612	0.2850221977	2.9232775753	2.9231342333	2.9234180510	212.0000000000
15330000.00	1.533000E+07	0.6180098628	11.5839978281	1.591455E+09	5.346399E-08	2.233680E+06	7.462455E+04	591.7734634647	27.9131138184	10.6872406998	0.2236118764	0.2247009168	0.2371168663	0.3213002577	0.3181671388	0.3723402584	2.9227206168	2.9226197781	2.9228662959	211.0000000000
15384750.00	1.538475E+07	0.5823492902	11.4941424034	1.493427E+09	5.017081E-08	2.470795E+06	6.851810E+04	594.5201317104	27.7545989212	10.6056508589	0.2050149953	0.1989388696	0.2085179248	0.2857931944	0.2692723465	0.2989912644	2.9176931473	2.9200568124	2.9111156526	210.0000000000
15439500.00	1.543950E+07	0.6077448624	11.4069479327	1.178053E+09	3.957599E-08	2.359142E+06	5.111870E+04	590.8408120865	27.9585867361	10.5250063431	0.2453307673	0.2480094263	0.2445293907	0.3624342232	0.3651622003	0.3673928595	2.8475838791	2.8928262363	2.7454736154	209.0000000000
15494250.00	1.549425E+07	0.6095839419	11.3214429550	1.108887E+09	3.725242E-08	2.327258E+06	4.784058E+04	588.2430633357	27.9667060461	10.4453750088	0.2502851212	0.2530451194	0.2495053387	0.3719278268	0.3746087056	0.3776915537	2.8471705631	2.9105150213	2.7450738656	208.0000000000
15549000.00	1.554900E+07	0.6027676138	11.2379060385	1.108741E+09	3.724752E-08	2.338270E+06	4.822720E+04	588.7387992343	27.9861410767	10.3668169529	0.2616666188	0.2653680415	0.2588785825	0.3940789568	0.4006801557	0.3914088448	2.9100088375	2.9166634925	2.8922685926	207.0000000000
15603750.00	1.560375E+07	0.5967424101	11.1561668450	1.084707E+09	3.644010E-08	2.351697E+06	4.723207E+04	588.7086929468	27.9819418122	10.2893843286	0.2676049920	0.2716261470	0.2643386217	0.4055874535	0.4135309331	0.4010510812	2.9163716725	2.9187639466	2.8918140883	206.0000000000
15658500.00	1.565850E+07	0.5912217843	11.0762091345	1.063855E+09	3.573958E-08	2.360721E+06	4.643875E+04	588.5891909519	27.9706397281	10.2131211967	0.2717968497	0.2761904010	0.2679536737	0.4138496742	0.4229724850	0.4061287475	2.9185520741	2.9193379866	2.9161678647	205.0000000000
15713250.00	1.571325E+07	0.5838367494	10.9979625707	1.064001E+09	3.574450E-08	2.378206E+06	4.681130E+04	589.3381087123	27.9399112299	10.1380634117	0.2724500559	0.2770375352	0.2681179933	0.4151348045	0.4248200600	0.4060677200	2.9195089994	2.9194748196	2.9193208602	204.0000000000
15768000.00	1.576800E+07	0.5761435659	10.9213786517	1.068708E+09	3.590263E-08	2.396978E+06	4.745419E+04	590.3302211290	27.9024628760	10.0642385480	0.2711136315	0.2714559214	0.2666242303	0.4128252918	0.4152265924	0.4033609417	2.9193696346	2.9192207659	2.9194855568	203.0000000000
15822750.00	1.582275E+07	0.5708644791	10.8463970112	1.058562E+09	3.556179E-08	2.398364E+06	4.733610E+04	590.4686916539	27.8832372588	9.9916658614	0.2660878501	0.2710127057	0.2670342684	0.4061605661	0.4166272107	0.4061043944	2.9191171846	2.9189552075	2.9192650491	202.0000000000
15877500.00	1.587750E+07	0.5638423778	10.7730111504	1.026294E+09	3.447775E-08	2.416877E+06	4.579203E+04	591.1365484851	27.8803038144	9.9203562903	0.2591420098	0.2621157055	0.2706849263	0.3978618703	0.4050121780	0.4164550566	2.9187027637	2.9185493274	2.9188228071	201.0000000000
15932250.00	1.593225E+07	0.5532156164	10.7003671461	6.237803E+08	2.095554E-08	2.356170E+06	2.341377E+04	600.2996636605	27.5381165880	9.8503124948	0.0161349195	0.0131939645	0.0123898924	-0.1065248447	-0.1154274914	-0.1157274476	2.9414068221	2.9414247979	2.9413887344	200.0000000000
15987000.00	1.598700E+07	0.5458774002	10.6296622267	5.155593E+08	1.731992E-08	2.389832E+06	1.700505E+04	600.9268917790	27.5140731512	9.7815289347	0.0071887773	0.0112490984	0.0102950111	-0.1338269264	-0.1237011115	-0.1221252653	2.9415062897	2.9415254803	2.9414869157	199.0000000000
16041750.00	1.604175E+07	0.5385481008	10.5601611178	5.060165E+08	1.699933E-08	2.414121E+06	1.646434E+04	601.8283996204	27.4770831113	9.7139919857	0.0060689420	0.0102397573	0.0021118127	-0.1381585062	-0.1277225843	-0.1480811356	2.9414507788	2.9414700122	2.9414313777	198.0000000000
16096500.00	1.609650E+07	0.5311859633	10.4917718023	5.042909E+08	1.694136E-08	2.437681E+06	1.638691E+04	602.8713479074	27.4365753235	9.6476800932	0.0062169777	0.0104900156	0.0021377988	-0.1380705781	-0.1273607364	-0.1483095430	2.9413523804	2.9413713741	2.9413332230	197.0000000000
16151250.00	1.615125E+07	0.5238385209	10.4243916484	5.056598E+08	1.698735E-08	2.461477E+06	1.649183E+04	603.9832849665	27.3944117253	9.5825639641	0.0068228713	0.0111020348	0.0026581184	-0.1362227925	-0.1254289295	-0.1467003171	2.9412352178	2.9412538661	2.9412164187	196.0000000000
16206000.00	1.620600E+07	0.5165250284	10.3579170454	5.083558E+08	1.707792E-08	2.485852E+06	1.667383E+04	605.1341426106	27.3519239646	9.5186067939	0.0074228839	0.0110124831	0.0034323389	-0.1338189803	-0.1242538769	-0.1440433159	2.9411008628	2.9411190691	2.9410825100	195.0000000000
16260750.00	1.626075E+07	0.5091689347	10.2922080587	5.128016E+08	1.722727E-08	2.510412E+06	1.694753E+04	606.2934359977	27.3279706808	9.4557645300	0.0040626245	-0.0055917164	0.0058344097	-0.1339452151	-0.1500872760	-0.1333003057	2.9407332570	2.9407494654	2.9407168868	194.0000000000
16315500.00	1.631550E+07	0.5031975353	10.2271154473	5.068898E+08	1.702867E-08	2.522355E+06	1.681487E+04	606.9134340709	27.3543171726	9.3939861691	0.0020573087	-0.0212839270	0.0177217537	-0.1103317747	-0.1680111725	-0.0766237643	2.9403008074	2.9403144846	2.9402869522	193.0000000000
16370250.00	1.637025E+07	0.7894452130	10.1654703457	2.806727E+09	9.429036E-08	8.857883E+05	1.136070E+05	608.7308554569	27.4050968943	9.3332140865	0.0403547212	0.0297814923	0.0513571815	-0.0419352848	-0.0695060117	-0.0136315344	2.9412611006	2.9412794542	2.9412427211	192.0000000000
16425000.00	1.642500E+07	0.8652051696	10.1028045040	3.646861E+09	1.225142E-07	5.724712E+05	1.495979E+05	605.4970586890	27.3762725168	9.2733843980	0.0716303475	0.0691335304	0.0795266438	0.0260760806	0.0131092452	0.0497202945	2.9411966184	2.9412143105	2.9411789058	191.0000000000
16479750.00	1.647975E+07	0.4593747516	10.0368372427	8.535273E+08	2.867375E-08	2.899561E+06	3.148054E+04	600.5741652990	27.3339320182	9.2144273487	0.0564431939	0.0615110896	0.0521568984	-0.0245078967	-0.0129116727	-0.0327911570	2.9186010734	2.9184277322	2.9187717455	190.0000000000
16534500.00	1.653450E+07	0.4950345479	9.9719860126	4.058923E+08	1.363571E-08	2.465097E+06	1.327007E+04	598.0950105241	27.4319383147	9.1562677317	0.0839420121	0.0895296444	0.0785094732	0.0345243339	0.0481267602	0.0214150030	1.9737597376	1.9738845626	1.9736858212	189.0000000000
16589250.00	1.658925E+07	0.5851664522	9.9109453304	3.236171E+08	1.087173E-08	1.034401E+06	1.005162E+04	604.1831453959	27.2232478556	9.0988253300	0.0916466887	0.0974348731	0.0861909555	0.0493259484	0.0634196530	0.0359346176	1.9497785607	1.9495548739	1.9499952297	188.0000000000
16644000.00	1.664400E+07	0.7823124869	9.8491403611	3.805943E+09	1.278584E-07	6.400671E+05	1.623208E+05	604.0935884373	27.1939931877	9.0420153822	0.0648026455	0.0669004700	0.0605999487	-0.0070713514	0.0003274964	-0.0183457874	2.9395269652	2.9395259841	2.9395277523	187.0000000000
16698750.00	1.669875E+07	0.4726973905	9.7833385813	9.499685E+08	3.191364E-08	2.436541E+06	3.353770E+04	604.8494471176	27.2456505117	8.9857490682	0.0417986383	0.0237766042	0.0549431009	-0.0327328412	-0.0712457547	-0.0092630997	2.9172885273	2.9170998623	2.9174744358	186.0000000000
16753500.00	1.675350E+07	0.4646323974	9.7200125514	4.162455E+08	1.398353E-08	2.602195E+06	1.392093E+04	602.4844923405	27.2437711769	8.9299340137	0.0993114479	0.0964926506	0.0969077713	0.0865290717	0.0755503740	0.0840365810	1.9560623734	1.9558708465	1.9562461758	185.0000000000
16808250.00	1.680825E+07	0.7507914898	9.6596291260	3.870521E+09	1.300279E-07	6.542315E+05	1.668249E+05	608.5688544972	27.1731673072	8.8744748095	0.0910672317	0.0948221283	0.0879107412	0.0536107093	0.0621110381	0.0489464224	2.9167301086	2.9165379181	2.9169195053	184.0000000000
16863000.00	1.686300E+07	0.4553520194	9.5934150465	3.824258E+08	1.284737E-08	2.592821E+06	1.277255E+04	601.8284656083	27.2363848045	8.8192735426	0.0998121169	0.1060955107	0.1050913238	0.0861386496	0.1015585787	0.0935376706	1.9485168144	1.9482597673	1.9487671469	183.0000000000
16917750.00	1.691775E+07	0.8149107056	9.5330671464	2.933712E+09	9.855634E-08	6.882093E+05	1.145472E+05	602.1214939630	27.2340339208	8.7642303401	0.1312769018	0.1375623524	0.1361904419	0.1577737933	0.1731265425	0.1719730577	1.9702738860	1.9708922997	1.9700764302	182.0000000000
16972500.00	1.697250E+07	0.5158032007	9.4684697257	3.548037E+08	1.191942E-08	1.196989E+06	1.147266E+04	609.0625370717	27.0958226952	8.7092439166	0.1257550070	0.1243236391	0.1295363246	0.1464805883	0.1415233171	0.1541124537	2.9370461105	2.9370257838	2.9370659032	181.0000000000
17027250.00	1.702725E+07	0.4852382698	9.4023787448	3.702340E+08	1.243779E-08	1.617655E+06	1.192283E+04	608.2173838442	27.1225045208	8.6542121285	0.1409149960	0.1391035468	0.1457002769	0.1834224944	0.1770511690	0.1945636532	2.9355266327	2.9354937491	2.9355587739	180.0000000000
17082000.00	1.708200E+07	0.5577471159	9.3370118245	3.679469E+08	1.236096E-08	9.629081E+05	1.207984E+04	606.3544321707	27.1015140648	8.5990325296	0.1312663628	0.1324682916	0.1267018371	0.1508025863	0.1547514686	0.1409414420	2.9028771783	2.9103272972	2.9030785441	179.0000000000
17136750.00	1.713675E+07	0.7392941257	9.2721774296	2.866375E+09	9.629422E-08	7.982018E+05	1.137375E+05	606.4125407947	27.1287524323	8.5436029241	0.1757196233	0.1770665167	0.1714318422	0.2543981815	0.2552193468	0.2461483623	1.9550919399	1.9548379064	1.9553390960	178.0000000000
17191500.00	1.719150E+07	0.7112732269	9.2053441743	2.797332E+09	9.397475E-08	8.594807E+05	1.116605E+05	608.2046134895	27.2071603693	8.4878219158	0.1914766676	0.1984062189	0.1847969191	0.2842787246	0.3013545319	0.2681848879	2.9363125673	2.9362858563	2.9363386377	177.0000000000
17246250.00	1.724625E+07	0.6928276662	9.1379308158	2.836866E+09	9.530285E-08	8.820543E+05	1.142785E+05	609.8256338401	27.1459323843	8.4315894516	0.1918901737	0.1988162389	0.1849931305	0.2850211165	0.3020722822	0.2680256481	2.9361437211	2.9361158166	2.9361709752	176.0000000000
17301000.00	1.730100E+07	0.6722558728	9.0697743400	2.871198E+09	9.645623E-08	9.126416E+05	1.168877E+05	611.7148822149	27.0813622630	8.3748073543	0.1918682836	0.1988083440	0.1849642771	0.2849025219	0.3020091518	0.2678893666	2.9358859519	2.9358560923	2.9359151462	175.0000000000
17355750.00	1.735575E+07	0.6519573567	9.0008896665	2.904251E+09	9.756663E-08	9.451080E+05	1.195356E+05	613.6490013277	27.0161107429	8.3173798423	0.1917432265	0.1986836178	0.1848331707	0.2845971151	0.3017093020	0.2675627414	2.9356109777	2.9355789968	2.9356422820	174.0000000000
17410500.00	1.741050E+07	0.6323503030	8.9312688388	2.936781E+09	9.865946E-08	9.782115E+05	1.222309E+05	616.5894798314	26.9507260748	8.2592140366	0.1915820300	0.1985183423	0.1846711443	0.2842420387	0.3013485711	0.2672011621	2.9353329186	2.9352987830	2.9353663697	173.0000000000
17465250.00	1.746525E+07	0.6134269042	8.8609050946	2.968775E+09	9.973427E-08	1.011873E+06	1.249735E+05	619.1802423721	26.8852748110	8.2002204484	0.1913885425	0.1983168050	0.1844808181	0.2838471200	0.3009387031	0.2668091551	2.9350531026	2.9350167982	2.9350887188	172.0000000000
17520000.00	1.752000E+07	0.5951587794	8.7897994176	3.000176E+09	1.007892E-07	1.046075E+06	1.277625E+05	621.1211517578	26.8198015917	8.1403134483	0.1911632072	0.1980794593	0.1842626004	0.2834152969	0.3004826951	0.2663894601	2.9347717306	2.9347332536	2.9348095180	171.0000000000
17574750.00	1.757475E+07	0.5775181687	8.7179609412	3.030929E+09	1.018223E-07	1.080803E+06	1.305969E+05	623.0541600375	26.7543503619	8.0794117126	0.1909062266	0.1978064902	0.1840167128	0.2829490042	0.2999829346	0.2659445569	2.9344889967	2.9344483507	2.9345289550	170.0000000000
17629500.00	1.762950E+07	0.5604780884	8.6454069538	3.060972E+09	1.028316E-07	1.116043E+06	1.334758E+05	624.9780151485	26.6889664656	8.0174386470	0.1906177130	0.1974979818	0.1837433029	0.2824504744	0.2994415821	0.2654767693	2.9342050874	2.9341622831	2.9342472071	169.0000000000
17684250.00	1.768425E+07	0.5440130394	8.5721628672	3.090248E+09	1.038151E-07	1.151781E+06	1.363979E+05	626.8916106945	26.6236962303	7.9543227834	0.1902977241	0.1971539731	0.1834424602	0.2819217598	0.2988606313	0.2649882341	2.9339201940	2.9338752505	2.9339644590	168.0000000000
17739000.00	1.773900E+07	0.5280987311	8.4982621106	3.118697E+09	1.047708E-07	1.188001E+06	1.393620E+05	628.7940055592	26.5585872695	7.8899981486	0.1899462519	0.1967744488	0.1831141817	0.2813647411	0.2982419318	0.2644808581	2.9336345230	2.9335874638	2.9336809111	167.0000000000
17793750.00	1.779375E+07	0.5127122447	8.4237460100	3.146260E+09	1.056968E-07	1.224689E+06	1.423667E+05	630.6847333064	26.4936874445	7.8244046053	0.1895631932	0.1963593138	0.1827583781	0.2807810819	0.2975871529	0.2639563485	2.9333482617	2.9332991144	2.9333967467	166.0000000000
17848500.00	1.784850E+07	0.4978318466	8.3486635705	3.172870E+09	1.065907E-07	1.261831E+06	1.454101E+05	632.5632647177	26.4290461758	7.7574881610	0.1891478969	0.1959078990	0.1823749199	0.2801716886	0.2968971538	0.2634164881	2.9330616166	2.9330104140	2.9331121679	165.0000000000
17903250.00	1.790325E+07	0.4834374559	8.2730712803	3.198426E+09	1.074493E-07	1.299414E+06	1.484882E+05	634.4293920597	26.3647162090	7.6892012468	0.1886973756	0.1954062941	0.1819592853	0.2795346163	0.2961518401	0.2628567879	2.9327747907	2.9327215690	2.9328273730	164.0000000000
17958000.00	1.795800E+07	0.4695056306	8.1970324875	3.221598E+09	1.082277E-07	1.337522E+06	1.515285E+05	636.2837800210	26.3008803913	7.6195029608	0.1881292337	0.1948047443	0.1814307451	0.2787745233	0.2953106146	0.2621841756	2.9324879930	2.9324327950	2.9325425655	163.0000000000
18012750.00	1.801275E+07	0.4558898021	8.1206113270	3.215807E+09	1.080332E-07	1.378216E+06	1.530578E+05	638.1460440880	26.2403818881	7.5483592800	0.1857486434	0.1923727429	0.1808351022	0.2758829683	0.2923157360	0.2623133926	2.9322020825	2.9321449992	2.9322585530	162.0000000000
18067500.00	1.806750E+07	0.4419714850	8.0438587953	3.053372E+09	1.025762E-07	1.431606E+06	1.459703E+05	640.1182654327	26.1974352715	7.4757432371	0.1731545381	0.1513402122	0.1665688528	0.2607106122	0.2285766353	0.2442770199	2.9319222315	2.9318635965	2.9319802611	161.0000000000
18122250.00	1.812225E+07	0.4010934165	7.9673460759	6.568431E+08	2.206626E-08	1.728066E+06	2.256055E+04	645.4328232607	26.6835838111	7.4016350625	-1.003001E-08	0.0053519119	-0.0055568736	-2.938680E-08	0.0156826594	-0.0162813197	2.9298887557	2.9302909936	2.9299424097	160.0000000000
18177000.00	1.817700E+07	0.3910262244	7.8903321083	6.655075E+08	2.235734E-08	1.766423E+06	2.304328E+04	647.1573195657	26.6206534137	7.3260222908	2.279618E-10	0.0054198700	-0.0054967604	6.680313E-10	0.0158824979	-0.0161083042	2.9304531177	2.9304204270	2.9305087012	159.0000000000
18231750.00	1.823175E+07	0.3810853610	7.8132380194	6.747222E+08	2.266690E-08	1.806069E+06	2.356594E+04	648.9119794568	26.5569349796	7.2488998329	-3.493079E-10	0.0053612035	-0.0054348663	-1.023598E-09	0.0157099560	-0.0159264182	2.9303595282	2.9303039552	2.9304158004	158.0000000000
18286500.00	1.828650E+07	0.3713987951	7.7361519267	6.838703E+08	2.297422E-08	1.846070E+06	2.409471E+04	650.6524275294	26.4938432989	7.1702700132	-1.418835E-09	0.0052932759	-0.0053701152	-4.157516E-09	0.0155102242	-0.0157359893	2.9302321132	2.9301748830	2.9302889377	157.0000000000
18341250.00	1.834125E+07	0.3619666707	7.6591680347	6.929144E+08	2.327806E-08	1.886359E+06	2.462757E+04	652.3762787631	26.4314820541	7.0901425710	6.964777E-10	0.0052221940	-0.0053024928	2.040752E-09	0.0153012646	-0.0155371541	2.9301030212	2.9300452553	2.9301603502	156.0000000000
18396000.00	1.839600E+07	0.3527833308	7.5823831560	7.018469E+08	2.357814E-08	1.926912E+06	2.516414E+04	654.0833001783	26.3710857762	7.0085346294	1.067766E-09	0.0051483011	-0.0052320235	3.128526E-09	0.0150840888	-0.0153299952	2.9299739999	2.9299158010	2.9300317923	155.0000000000
18450750.00	1.845075E+07	0.3438432078	7.5058958868	7.106622E+08	2.387428E-08	1.967706E+06	2.570414E+04	655.7731985239	26.3102758503	6.9254706298	7.304102E-10	0.0050716765	-0.0051587444	2.139989E-09	0.0148589301	-0.0151146230	2.9298452417	2.9297866521	2.9299034560	154.0000000000
18505500.00	1.850550E+07	0.3351410562	7.4298059041	7.193546E+08	2.416630E-08	2.008718E+06	2.624723E+04	657.4458630545	26.2502941873	6.8409822335	-5.756640E-10	0.0049925373	-0.0050827534	-1.686533E-09	0.0146264265	-0.0148913262	2.9297168575	2.9296579080	2.9297754554	153.0000000000
18560250.00	1.856025E+07	0.3266698180	7.3542119707	7.279218E+08	2.445411E-08	2.049926E+06	2.679313E+04	659.1015802076	26.1912123794	6.7551081930	6.403807E-11	0.0049136106	-0.0050053089	1.876052E-10	0.0143945654	-0.0146637923	2.9295887162	2.9295291206	2.9296477964	152.0000000000
18615000.00	1.861500E+07	0.3184070759	7.2792023973	7.363838E+08	2.473838E-08	2.091319E+06	2.734159E+04	660.7446864409	26.1331364019	6.6678941905	3.718652E-10	0.0048396171	-0.0049326426	1.089364E-09	0.0141771612	-0.0144502708	2.9294585707	2.9293973212	2.9295190940	151.0000000000
18669750.00	1.866975E+07	0.3103371308	7.2048687574	7.447547E+08	2.501960E-08	2.132883E+06	2.789237E+04	662.3781833550	26.0758711114	6.5793926505	8.430893E-10	0.0047607269	-0.0048576361	2.469682E-09	0.0139454159	-0.0142298933	2.9293244165	2.9292618863	2.9293864453	150.0000000000
18724500.00	1.872450E+07	0.3024696796	7.1313173293	7.530127E+08	2.529702E-08	2.174584E+06	2.844503E+04	663.9988001486	26.0194893283	6.4896625214	6.057518E-10	0.0046775009	-0.0047771165	1.774361E-09	0.0137009823	-0.0139933730	2.9291879092	2.9291244956	2.9292509373	149.0000000000
18779250.00	1.877925E+07	0.2948081966	7.0586484272	7.611445E+08	2.557021E-08	2.216390E+06	2.899920E+04	665.6045901081	25.9640438333	6.3987690334	-1.823289E-10	0.0045916920	-0.0046933175	-5.340506E-10	0.0134490014	-0.0137472615	2.9290500614	2.9289859398	2.9291138676	148.0000000000
18834000.00	1.883400E+07	0.2873516970	6.9869571383	7.691431E+08	2.583891E-08	2.258276E+06	2.955454E+04	667.1947100436	25.9095664285	6.3067834305	4.288353E-10	0.0045041550	-0.0046072430	1.256020E-09	0.0131919790	-0.0134945033	2.9289113115	2.9288465663	2.9289757865	147.0000000000
18888750.00	1.888875E+07	0.2800965635	6.9163339249	7.770061E+08	2.610307E-08	2.300221E+06	3.011076E+04	668.7690173028	25.8560863409	6.2137826794	4.016973E-10	0.0044156941	-0.0045198048	1.176480E-09	0.0129322714	-0.0132377708	2.9287717509	2.9287063770	2.9288368769	146.0000000000
18943500.00	1.894350E+07	0.2730391214	6.8468657243	7.847325E+08	2.636263E-08	2.342208E+06	3.066763E+04	670.3274004249	25.8035784172	6.1198491593	4.932120E-10	0.0043249231	-0.0044304538	1.444436E-09	0.0126658211	-0.0129754572	2.9286314103	2.9285655958	2.9286970849	145.0000000000
18998250.00	1.899825E+07	0.2661833913	6.7786398521	7.923052E+08	2.661703E-08	2.384190E+06	3.122457E+04	671.8680697320	25.7520886267	6.0250703295	1.141285E-09	0.0042318092	-0.0043382249	3.342243E-09	0.0123925369	-0.0127047398	2.9284912654	2.9284252355	2.9285572118	144.0000000000
19053000.00	1.905300E+07	0.2595295638	6.7117372621	7.997138E+08	2.686592E-08	2.426132E+06	3.178111E+04	673.3901068507	25.7016595253	5.9295383833	-1.318374E-09	0.0041374704	-0.0042445301	-3.860664E-09	0.0121156955	-0.0124297585	2.9283519028	2.9282857330	2.9284180200	143.0000000000
19107750.00	1.910775E+07	0.2530748389	6.6462326616	8.069538E+08	2.710914E-08	2.468007E+06	3.233687E+04	674.8932959823	25.6523082045	5.8333498835	6.375481E-10	0.0040421426	-0.0041497635	1.866877E-09	0.0118359889	-0.0121516684	2.9282135244	2.9281472630	2.9282797584	142.0000000000
19162500.00	1.916250E+07	0.2468160700	6.5821955958	8.140217E+08	2.734659E-08	2.509787E+06	3.289149E+04	676.3774761608	25.6040478973	5.7366053878	-9.622156E-10	0.0039459106	-0.0040540598	-2.817441E-09	0.0115536656	-0.0118708651	2.9280762561	2.9280099419	2.9281425658	141.0000000000
19217250.00	1.921725E+07	0.2407499683	6.5196903791	8.209150E+08	2.757816E-08	2.551444E+06	3.344463E+04	677.8424761457	25.5568892615	5.6394090592	1.109635E-11	0.0038488403	-0.0039574745	3.248944E-11	0.0112689191	-0.0115875112	2.9279402159	2.9278738853	2.9280065623	140.0000000000
19272000.00	1.927200E+07	0.2348732177	6.4587759844	8.276306E+08	2.780377E-08	2.592952E+06	3.399589E+04	679.2706585055	25.5108416344	5.5418682712	1.401791E-09	0.0037510091	-0.0038600798	4.104172E-09	0.0109819762	-0.0113018189	2.9278054853	2.9277391707	2.9278718348	139.0000000000
19326750.00	1.932675E+07	0.2291825606	6.3995058972	8.341660E+08	2.802332E-08	2.634282E+06	3.454490E+04	680.5827338075	25.4659138610	5.4440932040	1.996283E-10	0.0036524755	-0.0037619280	5.844462E-10	0.0106930088	-0.0110139413	2.9276721613	2.9276058933	2.9277384831	138.0000000000
19381500.00	1.938150E+07	0.2236746869	6.3419280318	8.405192E+08	2.823675E-08	2.675405E+06	3.509129E+04	681.8263194425	25.4221125730	5.3461964341	-2.901837E-10	0.0035533162	-0.0036630754	-8.495244E-10	0.0104022413	-0.0107240436	2.9275403143	2.9274741213	2.9276065780	137.0000000000
19436250.00	1.943625E+07	0.2183463169	6.2860846996	8.466876E+08	2.844398E-08	2.716292E+06	3.563467E+04	683.0162304504	25.3794439460	5.2482925243	-5.433657E-10	0.0034536131	-0.0035635987	-1.590654E-09	0.0101099133	-0.0104323504	2.9274100193	2.9273439268	2.9274761983	136.0000000000
19491000.00	1.949100E+07	0.2131941832	6.2320126121	8.526694E+08	2.864493E-08	2.756915E+06	3.617464E+04	684.1544662466	25.3379132329	5.1504976089	5.533269E-10	0.0033534389	-0.0034635583	1.619743E-09	0.0098162380	-0.0101390384	2.9272813295	2.9272153609	2.9273473987	135.0000000000
19545750.00	1.954575E+07	0.2082149638	6.1797429089	8.584626E+08	2.883955E-08	2.797244E+06	3.671082E+04	685.2384506738	25.2975241724	5.0529289829	-1.983044E-10	0.0032528603	-0.0033630288	-5.804676E-10	0.0095214100	-0.0098443259	2.9271543109	2.9270884883	2.9272202476	134.0000000000
19600500.00	1.960050E+07	0.2034053757	6.1293012601	8.640653E+08	2.902777E-08	2.837248E+06	3.724280E+04	686.2945185242	25.2582792092	4.9557046908	-5.344693E-10	0.0031519561	-0.0032620901	-1.564407E-09	0.0092256599	-0.0095484469	2.9270290074	2.9269633498	2.9270947899	133.0000000000
19655250.00	1.965525E+07	0.1987621271	6.0807079536	8.694762E+08	2.920955E-08	2.876898E+06	3.777019E+04	687.3273381790	25.2201806108	4.8589431211	-1.088498E-09	0.0030507846	-0.0031608023	-3.185931E-09	0.0089291583	-0.0092515770	2.9269054683	2.9268399925	2.9269710790	132.0000000000
19710000.00	1.971000E+07	0.1942819076	6.0339780805	8.746936E+08	2.938482E-08	2.916162E+06	3.829258E+04	688.3383752679	25.1832290766	4.7627626068	-5.231484E-10	0.0029494148	-0.0030592333	-1.531142E-09	0.0086321069	-0.0089539144	2.9267837325	2.9267184539	2.9268491543	131.0000000000
19764750.00	1.976475E+07	0.1899613944	5.9891216700	8.797157E+08	2.955354E-08	2.955011E+06	3.880955E+04	689.3286762213	25.1474247755	4.6672810340	-1.816542E-10	0.0028478940	-0.0029574423	-5.316407E-10	0.0083346431	-0.0086556322	2.9266638271	2.9265987588	2.9267290446	130.0000000000
19819500.00	1.981950E+07	0.1857973157	5.9461439367	8.845414E+08	2.971565E-08	2.993414E+06	3.932070E+04	690.2990554137	25.1127673295	4.5726154576	1.872631E-10	0.0027462839	-0.0028554982	5.480339E-10	0.0080369475	-0.0083569319	2.9265457921	2.9264809445	2.9266107934	129.0000000000
19874250.00	1.987425E+07	0.1817863689	5.9050454372	8.891694E+08	2.987113E-08	3.031338E+06	3.982561E+04	691.2505732639	25.0792551320	4.4788817291	-4.643598E-10	0.0026446115	-0.0027534357	-1.358916E-09	0.0077390986	-0.0080579143	2.9264296530	2.9263650353	2.9264944280	128.0000000000
19929000.00	1.992900E+07	0.1779252673	5.8658223835	8.935983E+08	3.001991E-08	3.068752E+06	4.032386E+04	692.1845115734	25.0468864901	4.3861941378	2.021296E-10	0.0025429189	-0.0026513036	5.914949E-10	0.0074412190	-0.0077587216	2.9263154145	2.9262510331	2.9263799545	127.0000000000
19983750.00	1.998375E+07	0.1742107550	5.8284668342	8.978270E+08	3.016197E-08	3.105625E+06	4.081503E+04	693.1030220775	25.0156593484	4.2946650604	-3.468729E-10	0.0024412450	-0.0025491428	-1.015021E-09	0.0071434220	-0.0074594734	2.9262031086	2.9261389684	2.9262674071	126.0000000000
20038500.00	2.003850E+07	0.1706395828	5.7929669720	9.018543E+08	3.029727E-08	3.141923E+06	4.129869E+04	694.0084041780	24.9855707268	4.2044046299	-4.448927E-10	0.0023396043	-0.0024469849	-1.301797E-09	0.0068457497	-0.0071602614	2.9260927372	2.9260288418	2.9261567891	125.0000000000
