54750.00	5.475000E+04	0.1706395802	5.7929669714	9.018544E+08	3.029727E-08	3.141924E+06	4.129870E+04	694.0084134145	24.9855705099	4.2044046301	-5.317047E-10	0.0023396051	-0.0024469842	-1.555817E-09	0.0068457521	-0.0071602596	2.9260927351	2.9260288396	2.9261567872	125.0000000000
109500.00	1.095000E+05	0.1742107452	5.8284668288	8.978269E+08	3.016197E-08	3.105625E+06	4.081503E+04	693.1030091004	25.0156590424	4.2946650606	7.928884E-10	0.0024412425	-0.0025491354	2.320152E-09	0.0071434148	-0.0074594518	2.9262031029	2.9261389633	2.9262674010	126.0000000000
164250.00	1.642500E+05	0.1779252733	5.8658223864	8.935983E+08	3.001992E-08	3.068752E+06	4.032387E+04	692.1845060017	25.0468866050	4.3861941381	-1.478136E-10	0.0025429176	-0.0026513039	-4.325491E-10	0.0074412152	-0.0077587225	2.9263154138	2.9262510324	2.9263799537	127.0000000000
219000.00	2.190000E+05	0.1817863729	5.9050454450	8.891693E+08	2.987113E-08	3.031338E+06	3.982561E+04	691.2505448972	25.0792552961	4.4788817296	-9.993264E-10	0.0026446108	-0.0027534354	-2.924458E-09	0.0077390967	-0.0080579134	2.9264296507	2.9263650329	2.9264944255	128.0000000000
273750.00	2.737500E+05	0.1857973137	5.9461439360	8.845413E+08	2.971565E-08	2.993414E+06	3.932070E+04	690.2990547939	25.1127672543	4.5726154578	-1.658892E-10	0.0027462818	-0.0028554923	-4.854823E-10	0.0080369412	-0.0083569146	2.9265457960	2.9264809485	2.9266107975	129.0000000000
328500.00	3.285000E+05	0.1899613948	5.9891216743	8.797156E+08	2.955353E-08	2.955011E+06	3.880955E+04	689.3286644149	25.1474250029	4.6672810343	1.391141E-10	0.0028478967	-0.0029574475	4.071402E-10	0.0083346510	-0.0086556476	2.9266638307	2.9265987617	2.9267290488	130.0000000000
383250.00	3.832500E+05	0.1942818967	6.0339780760	8.746935E+08	2.938482E-08	2.916162E+06	3.829258E+04	688.3383651288	25.1832289533	4.7627626072	-6.815142E-10	0.0029494177	-0.0030592347	-1.994645E-09	0.0086321153	-0.0089539184	2.9267837323	2.9267184535	2.9268491538	131.0000000000
438000.00	4.380000E+05	0.1987621206	6.0807079526	8.694762E+08	2.920955E-08	2.876898E+06	3.777019E+04	687.3273059582	25.2201804795	4.8589431213	-3.655636E-10	0.0030507826	-0.0031607948	-1.069970E-09	0.0089291525	-0.0092515551	2.9269054712	2.9268399953	2.9269710819	132.0000000000
492750.00	4.927500E+05	0.2034053842	6.1293012557	8.640655E+08	2.902778E-08	2.837248E+06	3.724281E+04	686.2945342679	25.2582791527	4.9557046911	4.369690E-10	0.0031519576	-0.0032620895	1.279021E-09	0.0092256643	-0.0095484450	2.9270290078	2.9269633499	2.9270947908	133.0000000000
547500.00	5.475000E+05	0.2082149584	6.1797429077	8.584626E+08	2.883955E-08	2.797244E+06	3.671082E+04	685.2384455665	25.2975241631	5.0529289833	-9.885021E-10	0.0032528611	-0.0033630315	-2.893498E-09	0.0095214123	-0.0098443338	2.9271543107	2.9270884878	2.9272202471	134.0000000000
602250.00	6.022500E+05	0.2131941806	6.2320126097	8.526694E+08	2.864493E-08	2.756915E+06	3.617464E+04	684.1544859798	25.3379134240	5.1504976092	4.792243E-10	0.0033534340	-0.0034635551	1.402824E-09	0.0098162235	-0.0101390290	2.9272813323	2.9272153641	2.9273474014	135.0000000000
657000.00	6.570000E+05	0.2183463257	6.2860847017	8.466876E+08	2.844398E-08	2.716292E+06	3.563467E+04	683.0162040041	25.3794443657	5.2482925245	-9.175738E-10	0.0034536147	-0.0035635998	-2.686115E-09	0.0101099181	-0.0104323536	2.9274100175	2.9273439249	2.9274761962	136.0000000000
711750.00	7.117500E+05	0.2236746814	6.3419280306	8.405191E+08	2.823675E-08	2.675405E+06	3.509129E+04	681.8263284159	25.4221125985	5.3461964344	4.235688E-10	0.0035533224	-0.0036630822	1.240015E-09	0.0104022594	-0.0107240637	2.9275403170	2.9274741239	2.9276065806	137.0000000000
766500.00	7.665000E+05	0.2291825635	6.3995058939	8.341661E+08	2.802332E-08	2.634282E+06	3.454490E+04	680.5827242484	25.4659135955	5.4440932043	1.050101E-09	0.0036524758	-0.0037619246	3.074350E-09	0.0106930096	-0.0110139313	2.9276721634	2.9276058958	2.9277384845	138.0000000000
821250.00	8.212500E+05	0.2348732179	6.4587759852	8.276305E+08	2.780377E-08	2.592952E+06	3.399588E+04	679.2706634867	25.5108418703	5.5418682717	-6.856425E-10	0.0037510023	-0.0038600794	-2.007428E-09	0.0109819564	-0.0113018176	2.9278054879	2.9277391734	2.9278718375	139.0000000000
876000.00	8.760000E+05	0.2407499613	6.5196903780	8.209149E+08	2.757816E-08	2.551445E+06	3.344462E+04	677.8424872895	25.5568889761	5.6394090595	-2.637512E-10	0.0038488400	-0.0039574750	-7.722479E-10	0.0112689182	-0.0115875127	2.9279402140	2.9278738833	2.9280065605	140.0000000000
930750.00	9.307500E+05	0.2468160630	6.5821955961	8.140218E+08	2.734659E-08	2.509787E+06	3.289150E+04	676.3774703072	25.6040480347	5.7366053880	-1.087985E-09	0.0039459076	-0.0040540517	-3.185704E-09	0.0115536566	-0.0118708414	2.9280762568	2.9280099426	2.9281425663	141.0000000000
985500.00	9.855000E+05	0.2530748432	6.6462326674	8.069538E+08	2.710914E-08	2.468007E+06	3.233687E+04	674.8932936217	25.6523084401	5.8333498839	1.573638E-09	0.0040421439	-0.0041497653	4.607948E-09	0.0118359927	-0.0121516737	2.9282135225	2.9281472609	2.9282797571	142.0000000000
1040250.00	1.040250E+06	0.2595295511	6.7117372636	7.997138E+08	2.686592E-08	2.426133E+06	3.178111E+04	673.3901183427	25.7016596268	5.9295383835	7.366991E-10	0.0041374714	-0.0042445290	2.157314E-09	0.0121156984	-0.0124297552	2.9283519024	2.9282857330	2.9284180193	143.0000000000
1095000.00	1.095000E+06	0.2661833977	6.7786398476	7.923052E+08	2.661703E-08	2.384190E+06	3.122457E+04	671.8680530553	25.7520886921	6.0250703297	2.436990E-10	0.0042318084	-0.0043382267	7.136704E-10	0.0123925345	-0.0127047451	2.9284912640	2.9284252344	2.9285572100	144.0000000000
1149750.00	1.149750E+06	0.2730391419	6.8468657302	7.847325E+08	2.636263E-08	2.342207E+06	3.066763E+04	670.3273584304	25.8035783937	6.1198491595	-1.270190E-10	0.0043249193	-0.0044304530	-3.719919E-10	0.0126658100	-0.0129754548	2.9286314091	2.9285655944	2.9286970840	145.0000000000
1204500.00	1.204500E+06	0.2800965478	6.9163339212	7.770060E+08	2.610307E-08	2.300221E+06	3.011076E+04	668.7690127056	25.8560865087	6.2137826798	6.070129E-10	0.0044156889	-0.0045197956	1.777802E-09	0.0129322563	-0.0132377439	2.9287717472	2.9287063734	2.9288368726	146.0000000000
1259250.00	1.259250E+06	0.2873516981	6.9869571409	7.691430E+08	2.583891E-08	2.258276E+06	2.955454E+04	667.1947046510	25.9095664875	6.3067834307	-1.407617E-10	0.0045041563	-0.0046072467	-4.122785E-10	0.0131919828	-0.0134945142	2.9289113112	2.9288465657	2.9289757866	147.0000000000
1314000.00	1.314000E+06	0.2948081717	7.0586484266	7.611446E+08	2.557021E-08	2.216390E+06	2.899920E+04	665.6045496088	25.9640437506	6.3987690337	-4.700153E-10	0.0045916945	-0.0046933199	-1.376698E-09	0.0134490085	-0.0137472684	2.9290500619	2.9289859408	2.9291138680	148.0000000000
1368750.00	1.368750E+06	0.3024696895	7.1313173319	7.530128E+08	2.529703E-08	2.174584E+06	2.844504E+04	663.9987961027	26.0194893456	6.4896625216	5.785708E-10	0.0046775028	-0.0047771160	1.694743E-09	0.0137009880	-0.0139933715	2.9291879089	2.9291244958	2.9292509366	149.0000000000
1423500.00	1.423500E+06	0.3103371318	7.2048687590	7.447547E+08	2.501960E-08	2.132883E+06	2.789237E+04	662.3781867276	26.0758713966	6.5793926506	-1.311193E-09	0.0047607236	-0.0048576423	-3.840911E-09	0.0139454063	-0.0142299116	2.9293244167	2.9292618862	2.9293864455	150.0000000000
1478250.00	1.478250E+06	0.3184070903	7.2792023979	7.363838E+08	2.473838E-08	2.091318E+06	2.734159E+04	660.7446720457	26.1331362531	6.6678941907	-1.462505E-10	0.0048396122	-0.0049326424	-4.284346E-10	0.0141771469	-0.0144502701	2.9294585707	2.9293973211	2.9295190942	151.0000000000
1533000.00	1.533000E+06	0.3266698091	7.3542119708	7.279217E+08	2.445411E-08	2.049926E+06	2.679312E+04	659.1015998830	26.1912124804	6.7551081932	5.549099E-10	0.0049136081	-0.0050053078	1.625658E-09	0.0143945580	-0.0146637890	2.9295887156	2.9295291197	2.9296477961	152.0000000000
1587750.00	1.587750E+06	0.3351410369	7.4298059024	7.193546E+08	2.416630E-08	2.008718E+06	2.624723E+04	657.4458792297	26.2502941938	6.8409822338	-1.711373E-10	0.0049925466	-0.0050827566	-5.013838E-10	0.0146264536	-0.0148913355	2.9297168591	2.9296579096	2.9297754568	153.0000000000
1642500.00	1.642500E+06	0.3438432269	7.5058958851	7.106622E+08	2.387428E-08	1.967706E+06	2.570414E+04	655.7732005321	26.3102759774	6.9254706300	2.730307E-10	0.0050716784	-0.0051587463	7.999378E-10	0.0148589356	-0.0151146287	2.9298452402	2.9297866508	2.9299034541	154.0000000000
1697250.00	1.697250E+06	0.3527833500	7.5823831586	7.018469E+08	2.357814E-08	1.926912E+06	2.516414E+04	654.0832953767	26.3710858863	7.0085346296	-4.000966E-10	0.0051482963	-0.0052320253	-1.172273E-09	0.0150840747	-0.0153300005	2.9299739996	2.9299158006	2.9300317922	155.0000000000
1752000.00	1.752000E+06	0.3619666699	7.6591680370	6.929143E+08	2.327805E-08	1.886359E+06	2.462757E+04	652.3762810979	26.4314823943	7.0901425711	-1.392161E-09	0.0052221870	-0.0053024887	-4.079176E-09	0.0153012441	-0.0155371421	2.9301030201	2.9300452541	2.9301603494	156.0000000000
1806750.00	1.806750E+06	0.3713987931	7.7361519275	6.838703E+08	2.297422E-08	1.846070E+06	2.409471E+04	650.6524173123	26.4938433758	7.1702700133	-9.112569E-10	0.0052932773	-0.0053701199	-2.670194E-09	0.0155102282	-0.0157360030	2.9302321103	2.9301748799	2.9302889352	157.0000000000
1861500.00	1.861500E+06	0.3810853879	7.8132380206	6.747221E+08	2.266690E-08	1.806069E+06	2.356594E+04	648.9119547251	26.5569351079	7.2488998331	3.209711E-10	0.0053612036	-0.0054348669	9.405608E-10	0.0157099561	-0.0159264199	2.9303595293	2.9303039562	2.9304158015	158.0000000000
1916250.00	1.916250E+06	0.3910262368	7.8903321077	6.655075E+08	2.235734E-08	1.766422E+06	2.304328E+04	647.1573152530	26.6206533918	7.3260222910	-3.986079E-10	0.0054198646	-0.0054967578	-1.168102E-09	0.0158824820	-0.0161082967	2.9304531158	2.9304204255	2.9305086985	159.0000000000
1971000.00	1.971000E+06	0.4010933878	7.9673460727	6.568431E+08	2.206626E-08	1.728066E+06	2.256055E+04	645.4328146038	26.6835838735	7.4016350627	-9.434417E-10	0.0053519226	-0.0055568661	-2.764179E-09	0.0156826906	-0.0162812975	2.9298887562	2.9302909944	2.9299424097	160.0000000000
2025750.00	2.025750E+06	0.4105721883	8.0442089740	6.518155E+08	2.189736E-08	1.695582E+06	2.228556E+04	643.9651977880	26.7386716004	7.4757432373	-7.501372E-10	0.0055592513	-0.0056215318	-2.194514E-09	0.0162632305	-0.0164459673	2.9254834059	2.9254354120	2.9255312801	161.0000000000
2080500.00	2.080500E+06	0.4558898154	8.1206113288	3.215807E+09	1.080332E-07	1.378216E+06	1.530578E+05	638.1460311284	26.2403819332	7.5483592801	0.1857483728	0.1923724659	0.1808348367	0.2758823209	0.2923150766	0.2623127558	2.9322020806	2.9321449975	2.9322585509	162.0000000000
2135250.00	2.135250E+06	0.4695056403	8.1970324868	3.221598E+09	1.082277E-07	1.337522E+06	1.515285E+05	636.2837539850	26.3008805698	7.6195029608	0.1881292316	0.1948047442	0.1814307410	0.2787745254	0.2953106182	0.2621841743	2.9324879934	2.9324327951	2.9325425659	163.0000000000
2190000.00	2.190000E+06	0.4834374458	8.2730712783	3.198426E+09	1.074493E-07	1.299414E+06	1.484882E+05	634.4294107611	26.3647162875	7.6892012469	0.1886973805	0.1954062968	0.1819592912	0.2795346238	0.2961518397	0.2628567996	2.9327747897	2.9327215684	2.9328273716	164.0000000000
2244750.00	2.244750E+06	0.4978318460	8.3486635695	3.172870E+09	1.065907E-07	1.261831E+06	1.454101E+05	632.5632766661	26.4290460027	7.7574881612	0.1891478896	0.1959078909	0.1823749108	0.2801716737	0.2968971375	0.2634164702	2.9330616162	2.9330104130	2.9331121683	165.0000000000
2299500.00	2.299500E+06	0.5127122227	8.4237460040	3.146260E+09	1.056968E-07	1.224689E+06	1.423667E+05	630.6847137291	26.4936873527	7.8244046053	0.1895631915	0.1963593065	0.1827583776	0.2807810722	0.2975871333	0.2639563395	2.9333482641	2.9332991162	2.9333967501	166.0000000000
2354250.00	2.354250E+06	0.5280987478	8.4982621140	3.118697E+09	1.047708E-07	1.188001E+06	1.393620E+05	628.7939939931	26.5585870923	7.8899981487	0.1899462557	0.1967744450	0.1831142008	0.2813647476	0.2982419227	0.2644808984	2.9336345218	2.9335874625	2.9336809100	167.0000000000
2409000.00	2.409000E+06	0.5440130173	8.5721628663	3.090248E+09	1.038151E-07	1.151781E+06	1.363979E+05	626.8915829262	26.6236961572	7.9543227836	0.1902977257	0.1971539757	0.1834424593	0.2819217639	0.2988606368	0.2649882335	2.9339201953	2.9338752519	2.9339644606	168.0000000000
2463750.00	2.463750E+06	0.5604780759	8.6454069516	3.060972E+09	1.028316E-07	1.116043E+06	1.334758E+05	624.9780343835	26.6889663209	8.0174386473	0.1906177090	0.1974979661	0.1837433109	0.2824504736	0.2994415550	0.2654767959	2.9342050861	2.9341622828	2.9342472054	169.0000000000
2518500.00	2.518500E+06	0.5775181668	8.7179609432	3.030929E+09	1.018223E-07	1.080803E+06	1.305970E+05	623.0541573189	26.7543503171	8.0794117127	0.1909062227	0.1978064893	0.1840167052	0.2829490035	0.2999829441	0.2659445454	2.9344889954	2.9344483492	2.9345289539	170.0000000000
2573250.00	2.573250E+06	0.5951588302	8.7897994199	3.000177E+09	1.007892E-07	1.046075E+06	1.277625E+05	621.1211406853	26.8198018811	8.1403134484	0.1911632069	0.1980794650	0.1842625930	0.2834152975	0.3004827106	0.2663894448	2.9347717286	2.9347332511	2.9348095169	171.0000000000
2628000.00	2.628000E+06	0.6134269047	8.8609050957	2.968775E+09	9.973427E-08	1.011873E+06	1.249735E+05	619.1802591215	26.8852749808	8.2002204486	0.1913885424	0.1983168135	0.1844808100	0.2838471216	0.3009387245	0.2668091388	2.9350531020	2.9350167978	2.9350887181	172.0000000000
2682750.00	2.682750E+06	0.6323503231	8.9312688372	2.936781E+09	9.865946E-08	9.782115E+05	1.222309E+05	616.5894666388	26.9507256548	8.2592140368	0.1915820285	0.1985183427	0.1846711379	0.2842420408	0.3013485769	0.2672011538	2.9353329168	2.9352987816	2.9353663680	173.0000000000
2737500.00	2.737500E+06	0.6519573275	9.0008896613	2.904251E+09	9.756662E-08	9.451081E+05	1.195356E+05	613.6490020346	27.0161106271	8.3173798425	0.1917432278	0.1986836296	0.1848331620	0.2845971152	0.3017093255	0.2675627180	2.9356109821	2.9355790012	2.9356422859	174.0000000000
2792250.00	2.792250E+06	0.6722559167	9.0697743424	2.871198E+09	9.645622E-08	9.126415E+05	1.168877E+05	611.7148876282	27.0813628923	8.3748073544	0.1918682782	0.1988083447	0.1849642679	0.2849025023	0.3020091462	0.2678893374	2.9358859538	2.9358560939	2.9359151486	175.0000000000
2847000.00	2.847000E+06	0.6928276933	9.1379308128	2.836866E+09	9.530287E-08	8.820542E+05	1.142785E+05	609.8256136285	27.1459323116	8.4315894518	0.1918901721	0.1988162365	0.1849931303	0.2850211166	0.3020722818	0.2680256492	2.9361437219	2.9361158172	2.9361709766	176.0000000000
2901750.00	2.901750E+06	0.7112731835	9.2053441784	2.797332E+09	9.397475E-08	8.594807E+05	1.116605E+05	608.2046114406	27.2071609082	8.4878219159	0.1914766647	0.1984062206	0.1847969172	0.2842787172	0.3013545341	0.2681848834	2.9363125666	2.9362858559	2.9363386365	177.0000000000
2956500.00	2.956500E+06	0.4212372863	9.2695804265	3.709655E+08	1.246237E-08	2.729209E+06	1.273465E+04	606.4125418387	27.0949479086	8.5436029242	0.1520603410	0.1533116930	0.1478669984	0.2073038102	0.2081065927	0.1990706837	2.9335168358	2.9334660193	2.9335666598	178.0000000000
3011250.00	3.011250E+06	0.4601140936	9.3398366763	3.520666E+08	1.182747E-08	1.502920E+06	1.170233E+04	610.6294629121	27.0102217673	8.5990325298	0.1343905639	0.1323148345	0.1280763046	0.1658548876	0.1593272831	0.1507334838	2.9149099600	2.9147007651	2.9151162663	179.0000000000
3066000.00	3.066000E+06	0.4340335890	9.4009037450	3.597085E+08	1.208420E-08	2.605644E+06	1.219643E+04	606.3097978136	27.1957150932	8.6542121286	0.1401378037	0.1383241665	0.1449254868	0.1817898991	0.1754151218	0.1929349799	2.9376934877	2.9376781045	2.9377084144	180.0000000000
3120750.00	3.120750E+06	0.7841641760	9.4683992233	3.010018E+09	1.011198E-07	7.192026E+05	1.193411E+05	604.7561266664	27.2388402793	8.7092439166	0.1107361864	0.1052501838	0.1197080094	0.1199253009	0.1043297665	0.1394377337	2.2952811184	2.5219792596	2.1308041992	181.0000000000
3175500.00	3.175500E+06	0.5335635670	9.5321906480	3.345819E+08	1.124008E-08	1.127996E+06	1.068055E+04	607.7252361951	27.0207081876	8.7642303402	0.1369419309	0.1433172471	0.1380548557	0.1636140246	0.1791564307	0.1678153035	2.9289027075	2.9288145531	2.9289894880	182.0000000000
3230250.00	3.230250E+06	0.4533171112	9.5935897221	9.423182E+08	3.165663E-08	2.533049E+06	3.373615E+04	603.4941388121	27.2444120643	8.8192735428	0.1116692454	0.1180069237	0.1207546037	0.1185297847	0.1339986124	0.1335731061	2.1233214621	2.1232757832	2.0393185412	183.0000000000
3285000.00	3.285000E+06	0.5839008517	9.6583606678	4.179345E+08	1.404027E-08	9.569413E+05	1.564351E+04	605.2287586791	27.1489424002	8.8744748095	0.1063907655	0.1106157249	0.1029866506	0.0877295346	0.0971212749	0.0825806129	2.9366902876	2.9366680588	2.9367119571	184.0000000000
3339750.00	3.339750E+06	0.7707179228	9.7230357283	3.815157E+09	1.281680E-07	6.378876E+05	1.625519E+05	610.4518773085	27.2176247539	8.9299340139	0.0800663115	0.0772096982	0.0777165314	0.0404061476	0.0294592224	0.0379143877	2.9162555103	2.9160356637	2.9164721804	185.0000000000
3394500.00	3.394500E+06	0.4726973815	9.7833385848	9.499685E+08	3.191364E-08	2.436541E+06	3.353770E+04	604.8494737119	27.2456505244	8.9857490683	0.0417986361	0.0237766063	0.0549430927	-0.0327328471	-0.0712457558	-0.0092631185	2.9172885271	2.9170998626	2.9174744355	186.0000000000
3449250.00	3.449250E+06	0.4789618099	9.8459938676	4.124057E+08	1.385453E-08	2.534939E+06	1.362242E+04	600.9016049177	27.3287693279	9.0420153822	0.0831642582	0.0843828480	0.0792870303	0.0354724433	0.0410992289	0.0249306646	1.9841595518	1.9979143459	1.9789362896	187.0000000000
3504000.00	3.504000E+06	0.5851664124	9.9109453295	3.236171E+08	1.087173E-08	1.034401E+06	1.005162E+04	604.1832079328	27.2232477236	9.0988253301	0.0916466863	0.0974348676	0.0861909560	0.0493259421	0.0634196393	0.0359346224	1.9497785578	1.9495548713	1.9499952268	188.0000000000
3558750.00	3.558750E+06	0.8194993620	9.9756112177	3.741195E+09	1.256833E-07	6.083886E+05	1.567245E+05	601.2684421748	27.2885548283	9.1562677318	0.0641946622	0.0697535650	0.0587837166	-0.0112591905	0.0024305845	-0.0244932623	2.9397932460	2.9397928037	2.9397935327	189.0000000000
3613500.00	3.613500E+06	0.4593747509	10.0368372456	8.535272E+08	2.867375E-08	2.899561E+06	3.148053E+04	600.5741686145	27.3339321362	9.2144273487	0.0564431951	0.0615110874	0.0521569015	-0.0245078921	-0.0129116753	-0.0327911498	2.9186010737	2.9184277324	2.9187717459	190.0000000000
3668250.00	3.668250E+06	0.7870540744	10.1014740198	2.795942E+09	9.392805E-08	8.793245E+05	1.127744E+05	605.2434556251	27.4088766034	9.2733843980	0.0689208548	0.0681516384	0.0734283859	0.0141403618	0.0073852299	0.0281619474	2.9325470882	2.9324883963	2.9326045529	191.0000000000
3723000.00	3.723000E+06	0.6277329095	10.1638883151	2.803096E+09	9.416839E-08	8.113932E+05	1.542641E+05	605.3546050628	27.3446072678	9.3332140866	0.0357773815	0.0258581570	0.0451302540	-0.0555520174	-0.0802250049	-0.0332652665	1.9580967776	1.9579555523	1.9582298234	192.0000000000
3777750.00	3.777750E+06	0.6318389918	10.2283014389	2.804492E+09	9.421529E-08	8.198319E+05	1.537901E+05	608.1084700142	27.3340990279	9.3939861691	-0.0134625665	-0.0373403278	0.0050655669	-0.1528671447	-0.2110263281	-0.1130995990	2.9190304711	2.9188605842	2.9191970485	193.0000000000
3832500.00	3.832500E+06	0.6428491847	10.2931239547	4.647380E+09	1.561260E-07	6.973861E+05	2.592205E+05	607.2137786619	27.3633197343	9.4557645301	-0.0032814477	-0.0130081358	-0.0014351732	-0.1552747706	-0.1716288927	-0.1544116040	2.9190643587	2.9188960766	2.9192298619	194.0000000000
3887250.00	3.887250E+06	0.6544114351	10.3587055832	5.184611E+09	1.741740E-07	6.526515E+05	2.877023E+05	606.0569832091	27.3920557838	9.5186067940	-0.0005145603	0.0029940265	-0.0044217771	-0.1568800325	-0.1475521782	-0.1668604141	2.9193193073	2.9191540595	2.9194817283	195.0000000000
3942000.00	3.942000E+06	0.6659586477	10.4251532316	5.210664E+09	1.750492E-07	6.398520E+05	2.864117E+05	604.9072381853	27.4351472225	9.5825639643	-0.0010793837	0.0031178754	-0.0051598235	-0.1591821043	-0.1486280722	-0.1694128276	2.9195720672	2.9194095552	2.9197317198	196.0000000000
3996750.00	3.996750E+06	0.6773888544	10.4925495861	5.211245E+09	1.750687E-07	6.300657E+05	2.838227E+05	603.7966934241	27.4777519517	9.6476800933	-0.0016165996	0.0025741199	-0.0056109568	-0.1608305000	-0.1503616703	-0.1708212067	2.9198323643	2.9196726124	2.9199892376	197.0000000000
4051500.00	4.051500E+06	0.6881291628	10.5609916094	5.203988E+09	1.748249E-07	6.238417E+05	2.811003E+05	602.7556630321	27.5185024603	9.7139919858	-0.0016783033	0.0024100532	-0.0055503576	-0.1606675388	-0.1504730023	-0.1703412056	2.9201045859	2.9199476232	2.9202586639	198.0000000000
4106250.00	4.106250E+06	0.6968024606	10.6305732767	5.184713E+09	1.741774E-07	6.255892E+05	2.783313E+05	601.8568807141	27.5553171912	9.7815289347	-0.0004375211	0.0035406392	0.0027536006	-0.1559839310	-0.1460985913	-0.1440338963	2.9203968261	2.9202428066	2.9205479952	199.0000000000
4161000.00	4.161000E+06	0.7008229713	10.7013721024	5.124592E+09	1.721577E-07	6.485121E+05	2.742202E+05	602.4732418418	27.5711883569	9.8503124949	0.0109067845	0.0055866957	0.0072374384	-0.1219731705	-0.1373374124	-0.1309265943	2.9210261939	2.9208780446	2.9211715760	200.0000000000
4215750.00	4.215750E+06	0.7142704270	10.7735952856	5.096781E+09	1.712234E-07	6.437368E+05	2.693771E+05	603.3716814140	27.6183108696	9.9203562904	0.0165292761	0.0057694349	0.0277025302	-0.1006942422	-0.1216037900	-0.0749229853	2.9201083013	2.9209483343	2.9176143776	201.0000000000
4270500.00	4.270500E+06	1.1767214816	10.8538866486	3.807282E+09	1.279034E-07	2.809025E+05	1.477773E+05	590.4687158506	27.3932291979	9.9916658615	0.2660878414	0.2710127073	0.2670342511	0.4061605442	0.4166272078	0.4061043563	2.0099354726	2.0099223466	2.0099328462	202.0000000000
4325250.00	4.325250E+06	1.1883031757	10.9290896612	3.857982E+09	1.296066E-07	2.716470E+05	1.499779E+05	590.3302190131	27.4123872526	10.0642385481	0.2711136269	0.2714559069	0.2666242406	0.4128252838	0.4152265669	0.4033609612	2.0037805144	2.0093422225	2.0037569277	203.0000000000
4380000.00	4.380000E+06	1.2127694295	11.0060194372	3.832735E+09	1.287585E-07	2.648186E+05	1.482307E+05	589.3381156106	27.4496519367	10.1380634118	0.2724500423	0.2770375194	0.2681179776	0.4151347757	0.4248200268	0.4060676883	2.0005291725	2.0005486375	2.0004954114	204.0000000000
4434750.00	4.434750E+06	1.2324170663	11.0845674712	3.812602E+09	1.280822E-07	2.618532E+05	1.468884E+05	588.5892043583	27.4807146561	10.2131211967	0.2717968470	0.2761903986	0.2679536648	0.4138496725	0.4229724847	0.4061287327	1.9986857761	1.9987141412	1.9983656926	205.0000000000
4489500.00	4.489500E+06	1.2429873500	11.1647564227	3.810217E+09	1.280020E-07	2.638764E+05	1.466179E+05	588.2967990855	27.4952919127	10.2893843288	0.2675435603	0.2715505888	0.2642520452	0.4055926109	0.4134410461	0.4008996326	1.9977129184	1.9977525917	1.9975577798	206.0000000000
4544250.00	4.544250E+06	1.2374563318	11.2465863629	3.829686E+09	1.286561E-07	2.760235E+05	1.478047E+05	588.7387758795	27.4991517898	10.3668169530	0.2616666233	0.2653680410	0.2588785961	0.3940789625	0.4006801515	0.3914088704	1.9967663677	1.9968153037	1.9966669207	207.0000000000
4599000.00	4.599000E+06	1.2452745789	11.3303921591	3.849493E+09	1.293215E-07	2.770265E+05	1.485833E+05	588.6640304573	27.5019923042	10.4453750089	0.2555903521	0.2588836637	0.2535734795	0.3821832489	0.3872388373	0.3828794584	1.9959170008	1.9959881634	1.9958469148	208.0000000000
4653750.00	4.653750E+06	1.1863091992	11.4154180621	3.764792E+09	1.264760E-07	3.576814E+05	1.465677E+05	590.6274459245	27.4828150710	10.5250063433	0.2453307746	0.2480094351	0.2445293947	0.3624342353	0.3651622155	0.3673928636	1.9965733247	1.9966527035	1.9964674034	209.0000000000
4708500.00	4.708500E+06	1.2094501874	11.5029760629	4.074581E+09	1.368832E-07	2.933100E+05	1.601798E+05	591.3908385769	27.3145278386	10.6056508590	0.2066913718	0.1981376953	0.2133345285	0.2951356417	0.2710024825	0.3176871714	2.0073264249	2.0223434045	2.0071592527	210.0000000000
4763250.00	4.763250E+06	1.0823920872	11.5913269242	3.727888E+09	1.252362E-07	5.039090E+05	1.491560E+05	590.8121872949	27.4498791332	10.6872406999	0.2236118823	0.2247009267	0.2371168691	0.3213002709	0.3181671623	0.3723402650	1.9949316022	1.9950424546	1.9947937097	211.0000000000
4818000.00	4.818000E+06	0.9210738086	11.6804717854	3.525773E+09	1.184463E-07	7.985689E+05	1.483580E+05	591.9504935270	27.3356965253	10.7697004692	0.1910804265	0.1869280204	0.1985397356	0.2609871283	0.2394785624	0.2850221946	1.9979528869	2.0002067514	1.9969920904	212.0000000000
4872750.00	4.872750E+06	0.6288287210	11.7685241762	1.377249E+09	4.626788E-08	2.302648E+06	6.077291E+04	592.5848720552	27.9329693661	10.8529474815	0.1534293654	0.1396442877	0.1792725007	0.1907102637	0.1546219286	0.2618689114	2.9247289176	2.9246117255	2.9248132911	213.0000000000
4927500.00	4.927500E+06	0.6886674009	11.8665111586	1.459678E+09	4.903702E-08	1.226798E+06	7.880708E+04	591.3886011330	27.2766286829	10.9368920457	0.0944896052	0.0895726255	0.1120665076	0.0611330527	0.0442028174	0.1144189052	1.9911245876	1.9912436667	1.9909932603	214.0000000000
4982250.00	4.982250E+06	0.6305175327	11.9644804240	3.330011E+08	1.118698E-08	1.634789E+06	1.018373E+04	598.5991460247	27.6307694486	11.0214377779	0.1512035513	0.1300296402	0.1726855516	0.1925148915	0.1374340718	0.2425083923	1.9629866421	1.9630412219	1.9629241829	215.0000000000
5037000.00	5.037000E+06	0.7167231286	12.0629921443	4.027571E+09	1.353039E-07	9.615841E+05	2.197443E+05	597.5029168403	27.5352970099	11.1064819421	0.0264881137	-0.0056986243	0.0416775185	-0.0717742013	-0.1489210040	-0.0302603364	2.7407288742	2.7406892926	2.5523039055	216.0000000000
5091750.00	5.091750E+06	1.1207418859	12.1702424333	3.961964E+09	1.330999E-07	5.041822E+05	1.590467E+05	595.9105898211	27.3990161549	11.1919158171	0.1895133238	0.1875809993	0.2159428036	0.2593522732	0.2441156641	0.3528290083	1.9915460087	1.9917036719	1.9913770429	217.0000000000
5146500.00	5.146500E+06	0.7263654567	12.2677845055	4.969247E+09	1.669390E-07	8.814843E+05	2.741482E+05	596.6109748822	27.5395307467	11.2776250868	0.1173422579	0.1020843978	0.1330112967	0.1162196239	0.0714986775	0.1589550746	1.9595171801	1.9595414925	1.9594855842	218.0000000000
5201250.00	5.201250E+06	0.9803153730	12.3750611327	5.127648E+09	1.722603E-07	4.964568E+05	2.296244E+05	600.2342310347	27.0680945982	11.3634902538	0.1123217336	0.0987890175	0.1281170044	0.1101781681	0.0675621484	0.1536598829	1.9978229808	1.9982078349	1.9974941768	219.0000000000
5256000.00	5.256000E+06	0.6323305240	12.4764840721	3.050792E+09	1.024896E-07	2.023954E+06	1.589550E+05	599.1617960030	27.5534404501	11.4493870703	0.1256678667	0.1137238124	0.1419895635	0.1442872177	0.1070022756	0.1847409726	2.9253030712	2.9251795725	2.9254137365	220.0000000000
5310750.00	5.310750E+06	0.6495744414	12.5822071021	1.485477E+09	4.990375E-08	2.424679E+06	6.211054E+04	594.9705969835	27.6640174210	11.5351869890	0.1158312219	0.0630689140	0.1336984357	0.1236259746	0.0050460223	0.1591503415	2.0627631099	2.3250391022	2.0230718479	221.0000000000
5365500.00	5.365500E+06	1.2631836323	12.7042744956	4.498939E+09	1.511392E-07	3.294898E+05	1.781551E+05	591.9805358298	27.5845767338	11.6207576266	0.0990291679	0.0762885909	0.1276206350	0.0985729996	0.0346651306	0.1684853648	1.9765398434	1.9768495176	1.9762224732	222.0000000000
5420250.00	5.420250E+06	1.1180450522	12.8134994322	4.850301E+09	1.629430E-07	4.360360E+05	2.032520E+05	598.7124684373	27.2151360570	11.7059632424	0.1373327510	0.1288709648	0.1804210884	0.1685421564	0.1317324804	0.2914424076	1.9894245368	1.9896364445	1.9892031634	223.0000000000
5475000.00	5.475000E+06	0.9027134354	12.9218079372	5.339713E+09	1.793846E-07	6.797346E+05	2.513552E+05	603.7108604269	26.9810267790	11.7906652244	0.1098310868	0.0761111811	0.1335723846	0.1264008435	0.0397781120	0.1867762837	2.0089971334	2.0247781901	2.0026927039	224.0000000000
5529750.00	5.529750E+06	0.6668617199	13.0270471213	1.500959E+09	5.042385E-08	2.437938E+06	6.108227E+04	593.0877288435	27.1184038553	11.8747225861	0.1081833709	0.0859774974	0.1285626786	0.1114951017	0.0502291159	0.1622083882	1.9630831862	1.9631873819	1.9629724895	225.0000000000
5584500.00	5.584500E+06	0.6919150267	13.1451214344	3.533145E+09	1.186940E-07	1.813133E+06	1.688982E+05	603.3188839586	27.4270919020	11.9579924667	0.1097260280	0.0834706215	0.1375332702	0.1335230700	0.0665164538	0.1991236915	1.9903059965	1.9905771401	1.9900266274	226.0000000000
5639250.00	5.639250E+06	0.6337303499	13.2556949883	2.060164E+09	6.921000E-08	2.572514E+06	8.961971E+04	600.9193584578	27.4962022982	12.0403306353	0.0964463545	0.0864749296	0.1105272742	0.0705127697	0.0470218698	0.1222147742	2.8549413872	2.8989032272	2.5733484246	227.0000000000
5694000.00	5.694000E+06	0.6315403416	13.3730402705	3.276215E+09	1.100625E-07	2.261416E+06	1.632703E+05	609.6129411724	27.3981834203	12.1215919959	0.1121045769	0.0937534653	0.1479707812	0.1350517620	0.0811967685	0.2351227530	1.9888277200	1.9891083211	1.9885394880	228.0000000000
5748750.00	5.748750E+06	0.5960833501	13.4879038377	3.363143E+09	1.129828E-07	2.530454E+06	1.671190E+05	597.5727069736	27.3533973173	12.2016310906	0.0901128910	0.0714791793	0.1052359101	0.0788766293	0.0297595614	0.1173850287	2.9245091965	2.9268716075	2.9179605905	229.0000000000
5803500.00	5.803500E+06	0.6747882850	13.6056934298	1.750341E+09	5.880168E-08	1.618432E+06	9.142965E+04	605.9435399178	27.3419841718	12.2803025989	0.0805394206	0.0518610664	0.1098271610	0.0768315415	-0.0275406627	0.1586516506	1.9838014259	1.9841830987	1.9834130993	230.0000000000
5858250.00	5.858250E+06	0.9274983192	13.7263527193	5.933458E+09	1.993311E-07	6.602647E+05	2.762980E+05	608.6831885682	27.2526698308	12.3574618316	0.0878485983	0.0764805102	0.1018721480	0.0728919757	0.0443110477	0.1054550551	1.9923698866	1.9929775155	1.9917604593	231.0000000000
5913000.00	5.913000E+06	0.6668140747	13.8354387557	5.060964E+09	1.700201E-07	1.592032E+06	2.792479E+05	606.3108308496	27.2692289545	12.4329652161	0.0578722949	0.0217053410	0.0811184638	0.0202510563	-0.0743605978	0.0811480020	1.9748881428	1.9752303596	1.9745415068	232.0000000000
5967750.00	5.967750E+06	0.9951366987	13.9579436395	5.942110E+09	1.996217E-07	5.841595E+05	2.648263E+05	606.1907306112	27.1931007170	12.5066707722	0.0626843331	0.0290303612	0.0943342874	0.0372413593	-0.0573269253	0.1166447949	1.9827104358	1.9829681670	1.9824470420	233.0000000000
6022500.00	6.022500E+06	0.6654133796	14.0629071381	5.421256E+09	1.821239E-07	1.607026E+06	2.976552E+05	606.5156026412	27.1889696551	12.5784385749	0.0751352143	0.0401669028	0.1118737610	0.0756016919	-0.0184851736	0.1663745343	2.0009673284	2.0038194612	1.9991895109	234.0000000000
6077250.00	6.077250E+06	0.5963212778	14.1730716380	4.135349E+09	1.389246E-07	2.492368E+06	2.060220E+05	608.7464963909	27.0893712791	12.6481312053	0.0660739058	0.0246865491	0.0782593364	0.0408379010	-0.0480592053	0.0659024404	1.9766642550	1.9770734031	1.9762519003	235.0000000000
6132000.00	6.132000E+06	0.5767701702	14.2833996387	4.124393E+09	1.385566E-07	2.673046E+06	2.064611E+05	608.4289419375	27.0581908581	12.7156141838	0.0710069005	0.0577330891	0.0761021570	0.0476871685	0.0209163481	0.0582189016	1.9766163849	1.9770316076	1.9761984323	236.0000000000
6186750.00	6.186750E+06	0.5725829391	14.3923683314	4.171254E+09	1.401308E-07	2.721281E+06	2.080337E+05	608.1563187813	27.0469365805	12.7807563884	0.0717238249	0.0642876339	0.0760892293	0.0486114744	0.0334841302	0.0577637217	1.9766197365	1.9770412524	1.9761958694	237.0000000000
6241500.00	6.241500E+06	0.5691534253	14.4994257931	4.220443E+09	1.417833E-07	2.760816E+06	2.095758E+05	607.8895336309	27.0368348435	12.8434304530	0.0721115672	0.0669277328	0.0763049970	0.0491073286	0.0384002227	0.0579292992	1.9766184582	1.9770459740	1.9761889697	238.0000000000
6296250.00	6.296250E+06	0.5656461799	14.6042883621	4.271212E+09	1.434889E-07	2.798979E+06	2.111632E+05	607.6314884810	27.0265855607	12.9035131469	0.0724158346	0.0679572793	0.0765911242	0.0494942800	0.0401992477	0.0584073644	1.9766150433	1.9770483864	1.9761801043	239.0000000000
6351000.00	6.351000E+06	0.5620284819	14.7066918542	4.325076E+09	1.452984E-07	2.835698E+06	2.128949E+05	607.3976292353	27.0157586363	12.9608857328	0.0725860756	0.0685061664	0.0769340732	0.0497189833	0.0411220691	0.0592413190	1.9766242009	1.9770635150	1.9761836730	240.0000000000
6405750.00	6.405750E+06	0.5579778277	14.8063634044	4.381966E+09	1.472096E-07	2.873836E+06	2.148161E+05	607.1967673473	27.0036505829	13.0154343033	0.0726778491	0.0684748381	0.0772943045	0.0498663865	0.0409014998	0.0606133545	1.9766539793	1.9770995985	1.9762075369	241.0000000000
6460500.00	6.460500E+06	0.5534620183	14.9030440226	4.443801E+09	1.492869E-07	2.913227E+06	2.170552E+05	607.0569739159	26.9894964539	13.0670500941	0.0725738370	0.0681937819	0.0777125488	0.0498179676	0.0402345528	0.0634165121	1.9767307349	1.9771835477	1.9762775086	242.0000000000
6515250.00	6.515250E+06	0.5483788460	14.9964842213	4.515799E+09	1.517056E-07	2.953476E+06	2.199635E+05	607.0540693574	26.9712144627	13.1156297741	0.0719636546	0.0673009077	0.0770962802	0.0492634706	0.0384241901	0.0620885609	1.9769260170	1.9773884379	1.9764636351	243.0000000000
6570000.00	6.570000E+06	0.5430975962	15.0863991855	4.578055E+09	1.537971E-07	2.997142E+06	2.221933E+05	606.8776177600	26.9569204765	13.1610757100	0.0721362990	0.0673378371	0.0786145393	0.0494964649	0.0383704510	0.0703705960	1.9769472222	1.9774155254	1.9764793616	244.0000000000
6624750.00	6.624750E+06	0.5368094790	15.1726217771	4.676882E+09	1.571171E-07	3.038682E+06	2.268652E+05	607.2236468600	26.9280680392	13.2032962084	0.0702010577	0.0648554713	0.0797777700	0.0476302400	0.0335908341	0.0849662662	1.9774544078	1.9779389171	1.9769709587	245.0000000000
6679500.00	6.679500E+06	0.5307109285	15.2548079615	4.744738E+09	1.593967E-07	3.086316E+06	2.294310E+05	607.0807098545	26.9116540413	13.2422057296	0.0703545170	0.0650276688	0.0800721663	0.0478436450	0.0346089904	0.0854993231	1.9774865376	1.9779770786	1.9769975029	246.0000000000
6734250.00	6.734250E+06	0.5232867723	15.3329333092	4.888145E+09	1.642144E-07	3.124725E+06	2.370575E+05	607.8913979217	26.8692192105	13.2777250795	0.0664680008	0.0600863852	0.0844744892	0.0438589866	0.0246518513	0.1166970838	1.9784297944	1.9789454093	1.9779164808	247.0000000000
6789000.00	6.789000E+06	0.5158810261	15.4064935659	4.980522E+09	1.673178E-07	3.177283E+06	2.412211E+05	608.1274282796	26.8404680935	13.3097815728	0.0653713385	0.0584932113	0.0832065531	0.0431409620	0.0213829009	0.1141672507	1.9788254594	1.9793557981	1.9782979900	248.0000000000
6843750.00	6.843750E+06	0.5086571710	15.4754386485	5.058405E+09	1.699342E-07	3.231299E+06	2.443926E+05	608.0343866631	26.8206061374	13.3383091734	0.0654897798	0.0584783891	0.1028196103	0.0433127005	0.0212696986	0.1794218625	1.9788761966	1.9794127992	1.9783428972	249.0000000000
6898500.00	6.898500E+06	0.5007169688	15.5395620987	5.151236E+09	1.730528E-07	3.288403E+06	2.485501E+05	608.2009916840	26.7770907667	13.3632486075	0.0608304814	0.0527804645	0.0891411354	0.0375792606	0.0104675032	0.1410295300	1.9798130145	1.9803776413	1.9792525138	250.0000000000
6953250.00	6.953250E+06	0.4912732653	15.5991087049	5.405180E+09	1.815839E-07	3.317132E+06	2.635974E+05	610.0529037140	26.7336633870	13.3845474531	0.0602148708	0.0511888254	0.0960502276	0.0398191309	0.0077603219	0.1660308159	1.9812105143	1.9817960186	1.9806276712	251.0000000000
7008000.00	7.008000E+06	0.4833705280	15.6527314571	5.367086E+09	1.803041E-07	3.410770E+06	2.588447E+05	608.9122688448	26.7037183078	13.4021602033	0.0579466095	0.0481615328	0.0934900989	0.0370756209	0.0010914814	0.1609812004	1.9818248009	1.9824216987	1.9812318507	252.0000000000
7062750.00	7.062750E+06	0.4745584697	15.7018707587	5.591607E+09	1.878468E-07	3.441252E+06	2.718647E+05	610.0228414800	26.6753244361	13.4160483073	0.0572721472	0.0479523721	0.1012877339	0.0339234875	0.0012489655	0.1812616371	1.9802710192	1.9808612352	1.9796864015	253.0000000000
7117500.00	7.117500E+06	0.4646896632	15.7451680213	5.726028E+09	1.923626E-07	3.511245E+06	2.788024E+05	610.6062348452	26.6362661846	13.4261801854	0.0561460146	0.0456100107	0.0954572248	0.0351942616	-0.0041059207	0.1672864611	1.9820044207	1.9826103759	1.9814032941	254.0000000000
7172250.00	7.172250E+06	0.4556306713	15.7829735937	5.829274E+09	1.958311E-07	3.580305E+06	2.836014E+05	610.3216423741	26.5948735222	13.4325312234	0.0545482242	0.0432725502	0.0896071846	0.0337570218	-0.0094206082	0.1532618668	1.9820138284	1.9826229892	1.9814098739	255.0000000000
7227000.00	7.227000E+06	0.4478222749	15.8148274109	5.751247E+09	1.932098E-07	3.682069E+06	2.761379E+05	608.9656677734	26.5886123186	13.4350837421	0.0566235117	0.0463875257	0.0966750512	0.0343391095	-0.0022816817	0.1696800629	1.9806279044	1.9812364454	1.9800244706	256.0000000000
7281750.00	7.281750E+06	0.4381588761	15.8417326096	5.997655E+09	2.014877E-07	3.720945E+06	2.905831E+05	609.3189041162	26.5651387564	13.4338269480	0.0575390268	0.0477364961	0.1021154178	0.0343714912	0.0007039374	0.1828626176	1.9806870989	1.9812930975	1.9800861507	257.0000000000
7336500.00	7.336500E+06	0.4297023001	15.8621017956	5.916474E+09	1.987605E-07	3.831524E+06	2.829773E+05	608.0088139599	26.5282911998	13.4287568610	0.0532139831	0.0419091205	0.0847583534	0.0264832683	-0.0119522305	0.1274526943	1.9816698435	1.9823013666	1.9810446156	258.0000000000
7391250.00	7.391250E+06	0.4191426835	15.8770843662	6.058432E+09	2.035295E-07	3.914148E+06	2.903765E+05	608.0656591611	26.5193877123	13.4198762237	0.0597254278	0.0501415921	0.0971160576	0.0369595948	0.0052187535	0.1680946879	1.9806722080	1.9812783329	1.9800722703	259.0000000000
7446000.00	7.446000E+06	0.4087290204	15.8866037343	6.333505E+09	2.127704E-07	3.960684E+06	3.067860E+05	607.9722250499	26.4832497666	13.4071943920	0.0608685450	0.0505270708	0.0978895527	0.0409742547	0.0050399584	0.1696013897	1.9813155311	1.9819233635	1.9807143000	260.0000000000
7500750.00	7.500750E+06	0.3997887145	15.8895503233	6.240991E+09	2.096625E-07	4.081237E+06	2.984189E+05	607.2358431000	26.4731208012	13.3907272068	0.0616469029	0.0520982811	0.0913648623	0.0390531714	0.0079501671	0.1453537040	1.9807559487	1.9813669391	1.9801517640	261.0000000000
7555500.00	7.555500E+06	0.3896638880	15.8870521818	6.341661E+09	2.130444E-07	4.169513E+06	3.030921E+05	606.8969602477	26.4650869245	13.3704968509	0.0665336197	0.0579675150	0.1055986847	0.0452663315	0.0200304149	0.1848528360	1.9800322316	1.9806297466	1.9794414754	262.0000000000
7610250.00	7.610250E+06	0.3788858184	15.8786989460	6.462934E+09	2.171185E-07	4.262976E+06	3.091712E+05	606.7476444937	26.4293004208	13.3465316887	0.0665747022	0.0577508237	0.0862519767	0.0453925960	0.0188769224	0.1201327917	1.9801040030	1.9807048112	1.9795101813	263.0000000000
7665000.00	7.665000E+06	0.3687176970	15.8644060386	6.462355E+09	2.170991E-07	4.373112E+06	3.071392E+05	605.8422178928	26.4213999801	13.3188660925	0.0698875451	0.0618618007	0.0904706541	0.0482848894	0.0271775769	0.1285324603	1.9795683687	1.9801665793	1.9789771022	264.0000000000
7719750.00	7.719750E+06	0.3572051302	15.8445100919	6.578309E+09	2.209945E-07	4.472801E+06	3.129060E+05	605.6461138552	26.3953217389	13.2875402546	0.0720537804	0.0642436192	0.0840355822	0.0511583172	0.0317224612	0.0933803157	1.9793193701	1.9799140445	1.9787316087	265.0000000000
7774500.00	7.774500E+06	0.3452305991	15.8188113087	6.651148E+09	2.234415E-07	4.582146E+06	3.158421E+05	605.2092846049	26.3728558050	13.2525999886	0.0742518711	0.0668049247	0.0867249071	0.0535937884	0.0369328456	0.0987927550	1.9790411394	1.9796348218	1.9784541997	266.0000000000
7829250.00	7.829250E+06	0.3319659888	15.7874423430	6.760585E+09	2.271179E-07	4.692119E+06	3.212547E+05	605.0118191190	26.3384660241	13.2140965187	0.0750795509	0.0676849107	0.0844047077	0.0545995437	0.0386939821	0.0820476863	1.9790123651	1.9796082256	1.9784230281	267.0000000000
7884000.00	7.884000E+06	0.3171892374	15.7503916579	6.886203E+09	2.313380E-07	4.804665E+06	3.278002E+05	604.9241091203	26.2984534756	13.1720862582	0.0753757100	0.0679435504	0.0836269609	0.0550402024	0.0392907487	0.0753727705	1.9790742309	1.9796740945	1.9784804505	268.0000000000
7938750.00	7.938750E+06	0.3004593497	15.7076245691	7.019729E+09	2.358237E-07	4.920557E+06	3.349474E+05	604.8953591542	26.2562437238	13.1266305821	0.0754692976	0.0679701407	0.0832249980	0.0552658415	0.0394552038	0.0719401403	1.9791649253	1.9797702390	1.9785648751	269.0000000000
7993500.00	7.993500E+06	0.2812298613	15.6590505198	7.157390E+09	2.404484E-07	5.040100E+06	3.424652E+05	604.9036080292	26.2104724650	13.0777955897	0.0754979239	0.0679319933	0.0832733652	0.0554258666	0.0395200185	0.0719235403	1.9792597522	1.9798719849	1.9786514127	270.0000000000
8048250.00	8.048250E+06	0.2589857234	15.6044859701	7.298616E+09	2.451928E-07	5.163247E+06	3.503418E+05	604.2981345080	26.1619275300	13.0256518619	0.0754693243	0.0678386469	0.0832687067	0.0555297572	0.0394894879	0.0719532323	1.9793557079	1.9799768156	1.9787363340	271.0000000000
8103000.00	8.103000E+06	0.2334997477	15.5436055620	7.441438E+09	2.499908E-07	5.289975E+06	3.584780E+05	604.3674078122	26.1104866800	12.9702742112	0.0754318758	0.0677530856	0.0832558492	0.0556325966	0.0394903579	0.0720969947	1.9794424816	1.9800750678	1.9788084005	272.0000000000
8157750.00	8.157750E+06	0.2051216179	15.4758947016	7.584798E+09	2.548069E-07	5.420032E+06	3.668465E+05	604.4611032050	26.0555000357	12.9117414308	0.0753883765	0.0676855972	0.0832065052	0.0557403208	0.0395436989	0.0721964210	1.9795151829	1.9801628627	1.9788614154	273.0000000000
8212500.00	8.212500E+06	0.1750113948	15.4006098537	7.727127E+09	2.595883E-07	5.553020E+06	3.753999E+05	604.5753090916	25.9961846141	12.8501360377	0.0753440516	0.0676522832	0.0831106790	0.0558615613	0.0396824174	0.0722168929	1.9795654101	1.9802330496	1.9788856091	274.0000000000
8267250.00	8.267250E+06	0.1450539845	15.3167842185	7.866559E+09	2.642725E-07	5.688385E+06	3.840886E+05	604.7060105301	25.9317007486	12.7855440135	0.0752983664	0.0676683908	0.0829519364	0.0559761912	0.0399223588	0.0721017486	1.9795626025	1.9802559905	1.9788497834	275.0000000000
8322000.00	8.322000E+06	0.1173641824	15.2233360543	8.000333E+09	2.687665E-07	5.825305E+06	3.928195E+05	604.8459655264	25.8611988461	12.7180545454	0.0752610249	0.0677482965	0.0827358613	0.0561133001	0.0402943674	0.0718783269	1.9794996262	1.9802256003	1.9787467728	276.0000000000
8376750.00	8.376750E+06	0.0936008511	15.1193632780	8.124778E+09	2.729472E-07	5.962689E+06	4.014499E+05	604.9847532449	25.7842331152	12.6477597656	0.0752430780	0.0678837535	0.0824700642	0.0563105514	0.0408052030	0.0715725784	1.9793747310	1.9801402413	1.9785764173	277.0000000000
8431500.00	8.431500E+06	0.0745318016	15.0045891301	8.231138E+09	2.765203E-07	6.098763E+06	4.095209E+05	605.1035833688	25.7042513492	12.5747544913	0.0752504200	0.0678355094	0.0822198326	0.0565932429	0.0410044196	0.0713228620	1.9791614718	1.9799713014	1.9783100284	278.0000000000
8486250.00	8.486250E+06	0.0601504921	14.8796626500	8.213631E+09	2.759322E-07	6.220668E+06	4.105341E+05	605.0079250572	25.6367595660	12.4991359668	0.0752918640	0.0672090345	0.0830274962	0.0571991754	0.0403212595	0.0733522686	1.9785929218	1.9794492209	1.9776904807	279.0000000000
8541000.00	8.541000E+06	0.0499326470	14.7463606506	8.114066E+09	2.725873E-07	6.278491E+06	4.061365E+05	604.7407955354	25.5852314466	12.4210036049	0.0747900442	0.0593860937	0.0819209622	0.0571709467	0.0260764495	0.0721503972	1.9777033875	1.9786043527	1.9767630650	280.0000000000
8595750.00	8.595750E+06	0.0892897240	14.7238988106	1.304792E+10	4.383374E-07	1.097951E+06	5.996480E+05	605.9771086140	26.0935261630	12.3404587353	0.0863158547	0.0777263488	0.0937733704	0.0758078572	0.0578731693	0.0951515112	1.9750389901	1.9752352122	1.9748485963	281.0000000000
8650500.00	8.650500E+06	0.0500453862	14.4629293727	1.364042E+10	4.582421E-07	2.824877E+06	7.592927E+05	600.6892198430	26.0807590311	12.2576043532	0.0895774837	0.0844361055	0.0861082726	0.0930095383	0.0817580585	0.0829699674	2.0603604604	2.1525863175	2.0199213832	282.0000000000
8705250.00	8.705250E+06	0.0700947147	14.4450708798	1.324159E+10	4.448435E-07	1.064861E+06	6.102450E+05	598.3169597698	25.8320355774	12.1725448721	0.0907257902	0.0864744611	0.0931431636	0.0872865195	0.0796969694	0.0867828568	1.9725323845	1.9734912247	1.9715596815	283.0000000000
8760000.00	8.760000E+06	0.0314133549	14.1716399717	7.023069E+09	2.359359E-07	6.695043E+06	3.374996E+05	591.7835347125	25.7312920250	12.0853858839	0.0999885233	0.1043419585	0.0979091953	0.0940845339	0.1053193631	0.0845849062	1.9789869108	1.9789567077	1.9790443613	284.0000000000
8814750.00	8.814750E+06	0.0338098475	14.0181850010	3.159737E+09	1.061495E-07	5.976395E+06	1.187791E+05	589.7338870442	26.1945555224	11.9962339202	0.1253725921	0.1214008401	0.1289680685	0.1531397621	0.1444546741	0.1587513146	1.9821108581	1.9829595320	1.9812591444	285.0000000000
8869500.00	8.869500E+06	0.0374645344	13.8749573451	1.253072E+09	4.209622E-08	3.489108E+06	5.473020E+04	595.2871459475	25.8044815266	11.9051962232	0.1312830997	0.1294811212	0.1346591487	0.1539566270	0.1543709913	0.1615191696	1.9615045441	1.9624669863	1.9605428360	286.0000000000
8924250.00	8.924250E+06	0.0311603689	13.7388893159	2.986175E+09	1.003188E-07	6.021549E+06	1.124858E+05	587.1695134541	26.2315112694	11.8123805202	0.1430871552	0.1390618721	0.1470937382	0.1753693868	0.1667173624	0.1834360981	1.9762069883	1.9770227928	1.9753887884	287.0000000000
8979000.00	8.979000E+06	0.0349568091	13.6112323035	6.330318E+08	2.126633E-08	3.561498E+06	1.917182E+04	593.3445241781	25.7594102524	11.7178948055	0.1461334499	0.1420940506	0.1503470911	0.1808027079	0.1719836590	0.1900857672	1.9583388612	1.9592941453	1.9573897419	288.0000000000
9033750.00	9.033750E+06	0.0562331497	13.6298460259	1.296309E+10	4.354873E-07	9.192501E+05	5.820033E+05	590.4818820017	25.7223006521	11.6218471284	0.1433306766	0.1396594464	0.1467155109	0.1752549462	0.1670598084	0.1829885448	1.9777885193	1.9776143758	1.9779667332	289.0000000000
9088500.00	9.088500E+06	0.0243825652	13.3668769560	6.119845E+09	2.055926E-07	7.444064E+06	3.032427E+05	586.6556005472	25.6767721881	11.5243453905	0.1419487093	0.1428757971	0.1352456298	0.1741799149	0.1747223442	0.1623285935	2.9216289737	2.9221481993	2.9211130051	290.0000000000
9143250.00	9.143250E+06	0.0619489659	13.4388904568	9.864463E+09	3.313909E-07	1.006104E+06	3.954536E+05	587.7888454920	25.7746833720	11.4254971474	0.0897199486	0.0965437917	0.0846581953	0.0503435120	0.0676067129	0.0350086265	1.9561994865	1.9569811675	1.9554258586	291.0000000000
9198000.00	9.198000E+06	0.0627435968	13.3011502459	1.170374E+10	3.931804E-07	6.715394E+05	4.888562E+05	589.7770888502	25.6501636441	11.3254094193	0.1003751436	0.1021762057	0.0958529726	0.0785301428	0.0849295154	0.0635406921	2.9161428847	2.8983078491	2.9226077853	292.0000000000
9252750.00	9.252750E+06	0.0303263010	12.9919350781	9.783657E+09	3.286763E-07	3.984197E+06	5.204048E+05	589.5918362694	25.6741773636	11.2241885116	0.0826098379	0.0923011117	0.0791691848	0.0381906803	0.0615963006	0.0256423550	2.3216574789	2.1501922144	2.3210710851	293.0000000000
9307500.00	9.307500E+06	0.0355130539	12.8206410925	1.442496E+10	4.845980E-07	2.096539E+06	8.031511E+05	582.6946672419	26.0562255848	11.1219398395	0.0791353422	0.0828898560	0.0830767766	0.0163327175	0.0236228968	0.0252900604	2.9173229233	2.9179286863	2.9167224010	294.0000000000
9362250.00	9.362250E+06	0.0333929004	12.7141792283	1.278037E+10	4.293490E-07	2.695466E+06	6.997331E+05	580.7757382629	25.6864576439	11.0187677628	0.0876887206	0.0888965480	0.0915182254	0.0338515001	0.0384169471	0.0422944893	2.9419272804	2.9418927050	2.9419590720	295.0000000000
9417000.00	9.417000E+06	0.0219205024	12.6584256910	4.740014E+09	1.592380E-07	8.007097E+06	2.252599E+05	587.8744049402	25.8397852695	10.9147754300	0.0985416565	0.0982962196	0.0975635351	0.0594385930	0.0584099221	0.0567673854	1.9739787705	1.9745388336	1.9734180278	296.0000000000
9471750.00	9.471750E+06	0.0544117067	12.7075491398	7.509781E+09	2.522867E-07	1.432512E+06	2.857511E+05	579.0811698655	26.0765486951	10.8100646267	0.0973228121	0.0936780189	0.1011191505	0.0444457385	0.0361113350	0.0530505358	1.9740142851	1.9745266352	1.9735017608	297.0000000000
9526500.00	9.526500E+06	0.0532710484	12.5860717407	7.597488E+09	2.552332E-07	1.443753E+06	2.907813E+05	578.8896553213	26.0152670537	10.7047356364	0.0972274562	0.0936303846	0.1008936108	0.0445281834	0.0362752331	0.0529914197	1.9743472344	1.9747368882	1.9741493386	298.0000000000
9581250.00	9.581250E+06	0.0520203622	12.4654935318	7.584908E+09	2.548106E-07	1.473862E+06	2.922157E+05	578.2489007501	25.9887566938	10.5988871061	0.0949793603	0.0945158648	0.0908519678	0.0423147096	0.0399419805	0.0360637859	1.9842172787	1.9790528866	1.9983989196	299.0000000000
9636000.00	9.636000E+06	0.0201447223	12.2053239174	4.309035E+09	1.447595E-07	8.722612E+06	2.111216E+05	584.5949910184	25.8307476053	10.4926159226	0.1509895286	0.1529142919	0.1493189313	0.1769758094	0.1827435019	0.1717113425	1.9618822306	1.9618599514	1.9619057623	300.0000000000
9690750.00	9.690750E+06	0.0235290864	12.0689043027	2.321363E+09	7.798485E-08	6.810096E+06	9.406776E+04	574.0312719749	25.9521630391	10.3860170944	0.1630055512	0.1618280998	0.1658538003	0.1952275162	0.1963401528	0.1997117416	2.9461404890	2.9460013784	2.9462776895	301.0000000000
9745500.00	9.745500E+06	0.0637017706	12.1629120961	1.021277E+10	3.430920E-07	5.252664E+05	4.087445E+05	575.4949383302	25.8692610099	10.2791836424	0.1707806465	0.1673445083	0.1745232164	0.2090165862	0.2017905907	0.2173253759	2.9084842393	2.9027455973	2.9102286200	302.0000000000
9800250.00	9.800250E+06	0.0295172107	11.9829900279	9.883825E+08	3.320414E-08	2.973952E+06	3.400479E+04	573.9326387042	25.2537403354	10.1722064993	0.1694464842	0.1658274802	0.1732320369	0.2067925757	0.1985987084	0.2153846798	2.9467229799	2.9465778255	2.9468661619	303.0000000000
9855000.00	9.855000E+06	0.0716209781	11.9887753927	9.252372E+09	3.108281E-07	3.908221E+05	3.496466E+05	570.2203965498	26.2410553105	10.0651744144	0.1733613966	0.1696709523	0.1771983404	0.2148043770	0.2064174345	0.2235508999	2.9094320305	2.9100301157	2.9088389902	304.0000000000
9909750.00	9.909750E+06	0.0280687138	11.6408192222	5.203080E+08	1.747945E-08	3.613366E+06	1.737636E+04	575.9111625789	25.2053536366	9.9581738674	0.1694928172	0.1688233590	0.1665226600	0.2085515215	0.2058343076	0.2042839927	1.9721107964	1.9718988142	1.9723230298	305.0000000000
9964500.00	9.964500E+06	0.0213406418	11.5194267914	2.165531E+09	7.274977E-08	7.311082E+06	9.128408E+04	571.9465196351	25.6692609580	9.8512889908	0.1830984767	0.1833140559	0.1820559178	0.2452170295	0.2447406615	0.2429263003	1.9356495586	1.9364599839	1.9348485856	306.0000000000
10019250.00	1.001925E+07	0.0594948800	11.5964305370	1.034738E+10	3.476143E-07	5.126645E+05	4.182256E+05	573.2415516185	26.1714834450	9.7446014937	0.1969944925	0.1939870533	0.2005424675	0.2680185778	0.2624161733	0.2756597638	2.8811865063	2.8387065955	2.8972943314	307.0000000000
10074000.00	1.007400E+07	0.0272697057	11.4891389334	9.066020E+08	3.045677E-08	3.076507E+06	3.233532E+04	567.6525545823	25.2091212790	9.6381906013	0.1918860531	0.1882069982	0.1957397633	0.2560661746	0.2477802305	0.2648053545	1.9772747643	1.9769087092	1.9776409055	308.0000000000
10128750.00	1.012875E+07	0.0732435854	11.4626839259	8.583011E+09	2.883413E-07	3.309936E+05	3.162961E+05	564.1733320164	26.2553338452	9.5321329914	0.1971125000	0.1935896411	0.2004927691	0.2670129868	0.2589463420	0.2749078161	1.9404280985	1.9411653096	1.9396998484	309.0000000000
10183500.00	1.018350E+07	0.0620652174	11.2958188796	9.899950E+09	3.325831E-07	4.242412E+05	3.862227E+05	570.2819838593	25.9725078579	9.4265027458	0.2335354580	0.2341593534	0.2321114592	0.3597699492	0.3605771636	0.3565834979	1.9546398728	1.9551655218	1.9542935224	310.0000000000
10238250.00	1.023825E+07	0.0199556296	11.0184076220	1.972945E+09	6.627994E-08	7.498221E+06	8.596338E+04	565.9737598890	26.0467557062	9.3213713027	0.2694573575	0.2702823740	0.2714993091	0.4348373394	0.4437249864	0.4363423526	2.9058611272	2.9064239527	2.9053031796	311.0000000000
10293000.00	1.029300E+07	0.0185929259	10.9199259130	2.293884E+09	7.706171E-08	8.281834E+06	1.066220E+05	570.1822564857	25.2620601934	9.2168074156	0.2106156470	0.2081782498	0.2113350184	0.2993101188	0.2932856222	0.3022474518	2.9487351291	2.9485817950	2.9488867613	312.0000000000
10347750.00	1.034775E+07	0.0203132844	10.8111858067	1.622775E+09	5.451618E-08	7.060984E+06	6.818898E+04	560.1299065644	25.4091121480	9.1128771208	0.2559427143	0.2568058613	0.2575225593	0.4070522875	0.4117563441	0.4081038048	1.9754867691	1.9751038889	1.9758695484	313.0000000000
10402500.00	1.040250E+07	0.0272300715	10.7651782468	3.083575E+08	1.035909E-08	2.913471E+06	1.019130E+04	567.7281060027	25.4766726735	9.0096437081	0.2302958581	0.2393672274	0.2156822994	0.3602984017	0.3768215260	0.3302752518	2.9031445866	2.9036881446	2.9026056855	314.0000000000
10457250.00	1.045725E+07	0.0280132414	10.5936944581	3.180310E+08	1.068407E-08	2.866127E+06	1.051642E+04	559.3777981656	26.3246889415	8.9071676976	0.3006597004	0.3039850505	0.2996914818	0.5059398173	0.5159977378	0.5009922167	2.2875875948	2.1211518033	2.5179656568	315.0000000000
10512000.00	1.051200E+07	0.0277104793	10.5042685774	3.134265E+08	1.052938E-08	2.866111E+06	1.041139E+04	558.4514677947	26.4578322365	8.8055068200	0.2983651988	0.2962984027	0.3015157526	0.4957349534	0.4933154750	0.5018611371	1.9275602049	1.9282774710	1.9268510394	316.0000000000
10566750.00	1.056675E+07	0.0293237230	10.3749335893	3.183950E+08	1.069629E-08	2.409331E+06	1.238859E+04	555.3935585575	26.5484924084	8.7047160060	0.3108082697	0.3080190293	0.3142298305	0.5222409463	0.5173554999	0.5294344720	1.9264802113	1.9271893466	1.9257790448	317.0000000000
10621500.00	1.062150E+07	0.0291306968	10.2910338488	2.235634E+08	7.510482E-09	2.370517E+06	7166.8615076881	554.6097571006	26.5658998673	8.6048473745	0.3190769911	0.3159731245	0.3226158725	0.5401940935	0.5341037601	0.5478538321	1.9255666782	1.9262607635	1.9248803466	318.0000000000
10676250.00	1.067625E+07	0.0289150739	10.2027759110	2.187920E+08	7.350189E-09	2.355495E+06	7040.6816870681	553.4558273586	26.5717943190	8.5059502322	0.3242605749	0.3208213494	0.3279298758	0.5515106305	0.5440989652	0.5596695310	1.9244451508	1.9251383357	1.9237596909	319.0000000000
10731000.00	1.073100E+07	0.0286030014	10.1213424445	2.103674E+08	7.067170E-09	2.350006E+06	6695.6422178089	552.7184541462	26.5483266962	8.4080710689	0.3275303165	0.3239116588	0.3312763637	0.5588587819	0.5507605520	0.5672883488	1.9234589660	1.9241477862	1.9227778065	320.0000000000
10785750.00	1.078575E+07	0.0280973078	10.0482544286	2.102173E+08	7.062127E-09	2.377958E+06	6750.0121536055	552.5573031431	26.4920645584	8.3112535678	0.3283756015	0.3247252031	0.3321486057	0.5611192672	0.5529411197	0.5696091871	1.9224953935	1.9231802737	1.9218181202	321.0000000000
10840500.00	1.084050E+07	0.0275958817	9.9761653596	2.104863E+08	7.071166E-09	2.407980E+06	6826.3448236898	552.4425699519	26.4347712153	8.2155386072	0.3290807883	0.3254068375	0.3328777061	0.5630872776	0.5548618595	0.5716255933	1.9215330730	1.9222139907	1.9208597059	322.0000000000
10895250.00	1.089525E+07	0.0271092663	9.9046930987	2.107402E+08	7.079695E-09	2.438296E+06	6903.6947842374	552.3445602873	26.3770659084	8.1209642767	0.3297735458	0.3260765557	0.3335939069	0.5650308263	0.5567594503	0.5736163928	1.9205711539	1.9212480667	1.9199017329	323.0000000000
10950000.00	1.095000E+07	0.0266372233	9.8338528123	2.109759E+08	7.087613E-09	2.468882E+06	6981.9108475780	552.2634850008	26.3195488038	8.0275658924	0.3304543264	0.3267347715	0.3342976331	0.5669505629	0.5586343573	0.5755821716	1.9196099674	1.9202828374	1.9189445284	324.0000000000
11004750.00	1.100475E+07	0.0261794526	9.7636639521	2.111929E+08	7.094902E-09	2.499724E+06	7060.9668664452	552.1998109365	26.2622407294	7.9353760126	0.3311228416	0.3273812340	0.3349885874	0.5688455550	0.5604857660	0.5775219862	1.9186498353	1.9193186257	1.9179884139	325.0000000000
11059500.00	1.105950E+07	0.0257356524	9.6941471439	2.113908E+08	7.101550E-09	2.530803E+06	7140.8370613964	552.1543186748	26.2051623966	7.8444244631	0.3317788238	0.3280156822	0.3356664809	0.5707148995	0.5623127769	0.5794349057	1.9176910893	1.9183557681	1.9170337163	326.0000000000
11114250.00	1.111425E+07	0.0253055207	9.6253233478	2.115693E+08	7.107546E-09	2.562104E+06	7221.4946772096	552.1278745377	26.1483358214	7.7547383598	0.3324219800	0.3286378498	0.3363310032	0.5725576587	0.5641144924	0.5813199552	1.9167340538	1.9173945926	1.9160807569	327.0000000000
11169000.00	1.116900E+07	0.0248887553	9.5572134179	2.117281E+08	7.112882E-09	2.593607E+06	7302.9111449885	552.1216789609	26.0917805540	7.6663421376	0.3330520436	0.3292474868	0.3369818488	0.5743729476	0.5658900621	0.5831761680	1.9157790517	1.9164354206	1.9151298586	328.0000000000
11223750.00	1.122375E+07	0.0244850582	9.4898377098	2.118670E+08	7.117550E-09	2.625292E+06	7385.0573142249	552.1375077715	26.0355153472	7.5792575801	0.3336687704	0.3298443875	0.3376187402	0.5761599214	0.5676387212	0.5850026296	1.9148264014	1.9154785783	1.9141813345	329.0000000000
11278500.00	1.127850E+07	0.0240941345	9.4232156051	2.119859E+08	7.121544E-09	2.657138E+06	7467.8990269831	552.1778390179	25.9795606716	7.4935038558	0.3342719464	0.3304283628	0.3382414221	0.5779177908	0.5693597346	0.5867984588	1.9138764211	1.9145243834	1.9132355011	330.0000000000
11333250.00	1.133325E+07	0.0237156888	9.3573656129	2.120846E+08	7.124857E-09	2.689122E+06	7551.4028142354	552.2465929160	25.9239389199	7.4090975490	0.3348613751	0.3309992524	0.3388496593	0.5796458039	0.5710524278	0.5885628206	1.9129294261	1.9135731555	1.9122926730	331.0000000000
11388000.00	1.138800E+07	0.0233494409	9.2923047503	2.121627E+08	7.127484E-09	2.721218E+06	7635.5273777225	552.3279097242	25.8686737958	7.3260527016	0.3354368998	0.3315569581	0.3394432131	0.5813432839	0.5727162459	0.5902948629	1.9119857298	1.9126252068	1.9113531620	332.0000000000
11442750.00	1.144275E+07	0.0229951038	9.2280488450	2.122204E+08	7.129422E-09	2.753402E+06	7720.2343908276	552.2460092673	25.8137884534	7.2443808521	0.3359983872	0.3321013993	0.3400218775	0.5830095899	0.5743506648	0.5919937820	1.9110456502	1.9116808574	1.9104172876	333.0000000000
11497500.00	1.149750E+07	0.0226524042	9.1646120941	2.122575E+08	7.130667E-09	2.785643E+06	7805.4787511271	552.1682500796	25.7593083655	7.1640910787	0.3365457440	0.3326325626	0.3405854472	0.5846441576	0.5759552899	0.5936587696	1.9101095170	1.9107404375	1.9094853814	334.0000000000
11552250.00	1.155225E+07	0.0223210737	9.1020070808	2.122739E+08	7.131218E-09	2.817912E+06	7891.2143147029	552.0963902878	25.7052598709	7.0851900431	0.3370788981	0.3331504842	0.3411336923	0.5862464410	0.5775298074	0.5952889298	1.9091776641	1.9098042763	1.9085577667	335.0000000000
11607000.00	1.160700E+07	0.0220008572	9.0402451920	2.122695E+08	7.131069E-09	2.850176E+06	7977.3847857802	552.0330969220	25.6516716077	7.0076820382	0.3375978859	0.3336553389	0.3416664429	0.5878160965	0.5790741794	0.5968834599	1.9082504212	1.9088727224	1.9076347795	336.0000000000
11661750.00	1.166175E+07	0.0216915057	8.9793357310	2.122441E+08	7.130219E-09	2.882398E+06	8063.9314574116	551.9822484566	25.5985754010	6.9315690347	0.3381027448	0.3341473534	0.3421834456	0.5893527375	0.5805884269	0.5984413281	1.9073281574	1.9079461247	1.9067168020	337.0000000000
11716500.00	1.171650E+07	0.0213927883	8.9192859933	2.121979E+08	7.128665E-09	2.914539E+06	8150.7896192390	551.9495493634	25.5460024100	6.8568507353	0.3385935891	0.3346269109	0.3426844020	0.5908560792	0.5820728514	0.5999613303	1.9064113061	1.9070249120	1.9058042744	338.0000000000
11771250.00	1.177125E+07	0.0211044899	8.8601004563	2.121307E+08	7.126406E-09	2.946556E+06	8237.8830517540	551.9433265323	25.4939924161	6.7835246212	0.3390706177	0.3350945887	0.3431689258	0.5923259169	0.5835280738	0.6014419584	1.9055003694	1.9061095756	1.9048977136	339.0000000000
11826000.00	1.182600E+07	0.0208264183	8.8017816636	2.120422E+08	7.123434E-09	2.978397E+06	8325.1182404264	551.9752689986	25.4425911580	6.7115860126	0.3395341668	0.3355512522	0.3436365559	0.5937622205	0.5849552157	0.6028814031	1.9045959468	1.9052007046	1.9039977379	340.0000000000
11880750.00	1.188075E+07	0.0205584114	8.7443283658	2.119321E+08	7.119735E-09	3.010002E+06	8412.3798759166	552.0614759097	25.3918533868	6.6410281176	0.3399847870	0.3359981878	0.3440867456	0.5951652332	0.5863561239	0.6042774657	1.9036988000	1.9042990378	1.9031051364	341.0000000000
11935500.00	1.193550E+07	0.0203003338	8.6877324117	2.117995E+08	7.115281E-09	3.041300E+06	8499.5180300849	552.2227497933	25.3418481369	6.5718420943	0.3404232763	0.3364371667	0.3445188745	0.5965355296	0.5877334889	0.6056275708	1.9028099071	1.9034055303	1.9022209166	342.0000000000
11990250.00	1.199025E+07	0.0200520569	8.6319566276	2.116406E+08	7.109944E-09	3.072175E+06	8586.2524716688	552.4830740443	25.2926590563	6.5040171075	0.3408512502	0.3368710333	0.3449328388	0.5978755565	0.5890923821	0.6069303866	1.9019305287	1.9025214124	1.9013463776	343.0000000000
12045000.00	1.204500E+07	0.0198135515	8.5770124639	2.114568E+08	7.103769E-09	3.102557E+06	8672.4543457303	552.8640145300	25.2443987211	6.4375403870	0.3412698018	0.3373026466	0.3453275198	0.5991853860	0.5904367967	0.6081810216	1.9010622088	1.9016481890	1.9004831045	344.0000000000
12099750.00	1.209975E+07	0.0195848984	8.5229418666	2.112537E+08	7.096947E-09	3.132408E+06	8758.1099348779	553.3763956366	25.1972031105	6.3723972929	0.3416797131	0.3377346447	0.3457014451	0.6004632579	0.5917688138	0.6093729897	1.9002067921	1.9007876595	1.8996329828	345.0000000000
12154500.00	1.215450E+07	0.0193661964	8.4697306266	2.110316E+08	7.089484E-09	3.161607E+06	8842.9644728429	554.0141569352	25.1512260026	6.3085713753	0.3420820397	0.3381715553	0.3460496724	0.6017092026	0.5930952235	0.6104950918	1.8993665289	1.8999420366	1.8987982847	346.0000000000
12209250.00	1.220925E+07	0.0191584784	8.4173462176	2.107819E+08	7.081096E-09	3.189690E+06	8926.0626236596	554.7513524531	25.1068471412	6.2460444405	0.3424529965	0.3386217869	0.3462656667	0.6028860628	0.5944367035	0.6113622675	1.8985439376	1.8991138138	1.8979815241	347.0000000000
12264000.00	1.226400E+07	0.0189665329	8.3656907927	2.104605E+08	7.070298E-09	3.214736E+06	9003.5696360561	555.5250710094	25.0653152529	6.1847966155	0.3426612088	0.3391088941	0.3458083751	0.6037943011	0.5958715356	0.6110398420	1.8977418071	1.8983057341	1.8971854975	348.0000000000
12318750.00	1.231875E+07	0.0188256914	8.3141507504	2.097306E+08	7.045776E-09	3.223004E+06	9048.2309856106	555.9920025798	25.0348623391	6.1248064149	0.3416947171	0.3397663659	0.3407218836	0.6028953219	0.5979234698	0.6026640100	1.8969646476	1.8975220584	1.8964149099	349.0000000000
12373500.00	1.237350E+07	0.0187337150	8.2627748790	2.086244E+08	7.008614E-09	3.214597E+06	9060.3919315417	556.1037594037	25.0154392186	6.0660508099	0.3395257310	0.3405742218	0.3314358419	0.6001069019	0.6005488980	0.5868358244	1.8962152351	1.8967655334	1.8956725240	350.0000000000
12428250.00	1.242825E+07	0.0186355513	8.2115853555	2.068074E+08	6.947573E-09	3.217832E+06	9040.9345322697	555.7463959431	25.0024810114	6.0085052972	0.3366782464	0.3413122801	0.3212468040	0.5961335633	0.6031576590	0.5690387751	1.8955166289	1.8960601652	1.8949804880	351.0000000000
12483000.00	1.248300E+07	0.0186088392	8.1620904727	2.060996E+08	6.923797E-09	3.180094E+06	9051.0321355538	555.9361799503	24.9910296791	5.9521439676	0.3338879618	0.3421051930	0.3111218332	0.5922833494	0.6058762617	0.5513979750	1.8947858660	1.8953229838	1.8942558562	352.0000000000
12537750.00	1.253775E+07	0.0187663497	8.1007347599	1.973346E+08	6.629342E-09	3.158066E+06	8623.3776967999	549.5377108989	25.0492745188	5.8969395797	0.3191070343	0.3349137607	0.2962242965	0.5636090099	0.5942904092	0.5166959802	1.8939379295	1.8944689169	1.8934136887	353.0000000000
12592500.00	1.259250E+07	0.0184672990	8.0662347954	1.993335E+08	6.696492E-09	3.165434E+06	8847.0144087409	551.0774264740	25.0428743363	5.8428636336	0.3143656184	0.3316146248	0.2935089164	0.5533315132	0.5884353433	0.5083804387	1.8933038341	1.8938278977	1.8927861398	354.0000000000
12647250.00	1.264725E+07	0.0185538621	8.0082027389	1.935361E+08	6.501731E-09	3.168343E+06	8576.4425241775	549.3378546437	25.0619130036	5.7898864401	0.2972993012	0.3223368579	0.2788865349	0.5199955315	0.5732963969	0.4727234333	1.8930282001	1.8935428014	1.8925195926	355.0000000000
12702000.00	1.270200E+07	0.0185355942	7.9602659299	1.914127E+08	6.430400E-09	3.156318E+06	8515.0824098852	548.0904039567	25.0582662893	5.7379771992	0.2897320449	0.3113874653	0.2766668308	0.4998467926	0.5500047034	0.4633139003	1.8922561856	1.8927653652	1.8917527160	356.0000000000
12756750.00	1.275675E+07	0.0184860016	7.9147711490	1.892801E+08	6.358754E-09	3.150365E+06	8462.7709618135	547.3234254973	25.0670731918	5.6871040748	0.2764322939	0.2877047730	0.2730804194	0.4611685501	0.4941112334	0.4473169507	1.8918371418	1.8923402635	1.8913395081	357.0000000000
12811500.00	1.281150E+07	0.0183875835	7.8715908023	1.881297E+08	6.320106E-09	3.158690E+06	8473.2782041342	547.2751629273	25.0533304444	5.6372342693	0.2707865755	0.2719477457	0.2725195603	0.4402390603	0.4481272965	0.4418457460	1.8911448743	1.8916430422	1.8906520250	358.0000000000
12866250.00	1.286625E+07	0.0182649210	7.8298978499	1.876376E+08	6.303575E-09	3.175314E+06	8524.4241024494	547.6586291598	25.0263993071	5.5883341031	0.2696409443	0.2664274316	0.2730383732	0.4339517797	0.4269653633	0.4415884362	1.8904938655	1.8909877506	1.8900051863	359.0000000000
12921000.00	1.292100E+07	0.0181299375	7.7894507945	1.874340E+08	6.296736E-09	3.196258E+06	8595.3434963009	548.3455397258	24.9941705316	5.5403690916	0.2704542763	0.2670366722	0.2739265496	0.4356008290	0.4278475011	0.4435187934	1.8898407346	1.8903305726	1.8893560311	360.0000000000
12975750.00	1.297575E+07	0.0180011809	7.7497560353	1.872321E+08	6.289955E-09	3.216114E+06	8666.0985739740	549.0883262394	24.9626182283	5.4933040247	0.2713186814	0.2679130546	0.2746873450	0.4375511611	0.4297639071	0.4453067179	1.8891932451	1.8896790138	1.8887125678	361.0000000000
13030500.00	1.303050E+07	0.0178888994	7.7106915927	1.869866E+08	6.281706E-09	3.230243E+06	8730.6957885405	549.8146111680	24.9338689787	5.4471030440	0.2720105062	0.2688867030	0.2746098893	0.4393332545	0.4320375857	0.4457215377	1.8885502494	1.8890318500	1.8880737167	362.0000000000
13085250.00	1.308525E+07	0.0178459437	7.6719725871	1.868514E+08	6.277163E-09	3.211996E+06	8777.6740909347	550.4216982214	24.9140156967	5.4017297260	0.2719362292	0.2700933161	0.2713266383	0.4401952127	0.4351903210	0.4407950561	1.8879185426	1.8883957083	1.8874464206	363.0000000000
13140000.00	1.314000E+07	0.0178705066	7.6335270392	1.866387E+08	6.270020E-09	3.163335E+06	8797.3548967258	550.7373966308	24.9053223547	5.3571471611	0.2708573232	0.2714860471	0.2648592863	0.4397521233	0.4392126146	0.4304026796	1.8872915836	1.8877641235	1.8868240550	364.0000000000
13194750.00	1.319475E+07	0.0184098338	7.5941434171	1.891701E+08	6.355058E-09	2.866577E+06	8778.7283119716	550.4030368397	24.9382648592	5.3133180337	0.2628519065	0.2719124469	0.2517221623	0.4286007841	0.4461857236	0.4052169587	1.8869366033	1.8874027481	1.8864753433	365.0000000000
13249500.00	1.324950E+07	0.0177184461	7.5568390395	1.797160E+08	6.037454E-09	3.210542E+06	8577.8871361986	546.3261058139	24.9401046440	5.2702047059	0.2607329022	0.2723156013	0.2552303687	0.4255493657	0.4545685964	0.4088811297	1.8867330450	1.8871968114	1.8862741845	366.0000000000
13304250.00	1.330425E+07	0.0190497362	7.5197133328	1.936892E+08	6.506876E-09	2.517448E+06	8877.3280032780	549.3786421282	24.9225993787	5.2277692979	0.2542817731	0.2540209727	0.2561238222	0.4021242645	0.4045564777	0.4052757902	1.8850404097	1.8854995953	1.8845862252	367.0000000000
13359000.00	1.335900E+07	0.0182092136	7.4980784932	1.942852E+08	6.526897E-09	2.739358E+06	9241.8112201219	547.3980101341	24.8866640151	5.1859737698	0.2539407775	0.2513808980	0.2558351975	0.3995527330	0.3938916910	0.4045478914	1.8840439933	1.8845023210	1.8835904917	368.0000000000
13413750.00	1.341375E+07	0.0176984468	7.4491465229	1.780011E+08	5.979844E-09	3.140980E+06	8612.6864382693	545.9952641459	24.9055073660	5.1447800071	0.2528957625	0.2529937903	0.2488141318	0.3994842208	0.3984775469	0.3935546596	1.8849408468	1.8853908659	1.8844957082	369.0000000000
13468500.00	1.346850E+07	0.0188317752	7.4165779297	1.912010E+08	6.423286E-09	2.521702E+06	8943.9447036809	549.0832207104	24.8965910386	5.1041498980	0.2513547445	0.2543324375	0.2426741014	0.3985227542	0.4026218436	0.3835946326	1.8831593068	1.8836047035	1.8827188858	370.0000000000
13523250.00	1.352325E+07	0.0189266838	7.3800158236	1.857302E+08	6.239498E-09	2.494685E+06	8674.4793772155	548.7559479153	24.9584254828	5.0640454202	0.2498597268	0.2640873611	0.2337700546	0.4045957692	0.4357353301	0.3703267941	1.8825853034	1.8830262124	1.8821493223	371.0000000000
13578000.00	1.357800E+07	0.0188167317	7.3495332280	1.838846E+08	6.177498E-09	2.497550E+06	8658.9416910258	547.4767173765	24.9823187960	5.0244287212	0.2404294123	0.2659249465	0.2219480008	0.3927590399	0.4465991919	0.3467339972	1.8825158542	1.8829525337	1.8820839203	372.0000000000
13632750.00	1.363275E+07	0.0185466143	7.3141460031	1.787225E+08	6.004079E-09	2.634709E+06	8516.1468118954	545.4547570920	24.9918505004	4.9852622024	0.2358123858	0.2587206006	0.2217513136	0.3809974344	0.4344226395	0.3436576243	1.8822689188	1.8826996874	1.8818428852	373.0000000000
13687500.00	1.368750E+07	0.0188840446	7.2830353536	1.810059E+08	6.080788E-09	2.451125E+06	8566.0204703283	546.6343488278	25.0030985281	4.9465085985	0.2298435710	0.2516695265	0.2208569291	0.3675763111	0.4245550635	0.3388785527	1.8815014224	1.8819278512	1.8810797009	374.0000000000
13742250.00	1.374225E+07	0.0188722899	7.2504202169	1.792722E+08	6.022546E-09	2.451871E+06	8517.2737582860	545.4932291204	25.0117055208	4.9081310624	0.2245143505	0.2378696123	0.2213119382	0.3503502829	0.3922482021	0.3364759302	1.8809655556	1.8813868228	1.8805489792	375.0000000000
13797000.00	1.379700E+07	0.0188639074	7.2200177006	1.790950E+08	6.016594E-09	2.431522E+06	8549.7372560819	545.8181918947	25.0025419299	4.8700932449	0.2222885633	0.2279093490	0.2224941023	0.3402114542	0.3616227760	0.3369862630	1.8804684208	1.8808850474	1.8800564810	376.0000000000
13851750.00	1.385175E+07	0.0188373569	7.1900375177	1.789372E+08	6.011292E-09	2.420234E+06	8588.8223041354	546.1835835608	24.9898347170	4.8323593762	0.2207274802	0.2188515387	0.2238062919	0.3315731138	0.3291712553	0.3380898480	1.8799289915	1.8803410575	1.8795216136	377.0000000000
13906500.00	1.390650E+07	0.0187463482	7.1611073300	1.790881E+08	6.016359E-09	2.429984E+06	8665.8710236475	547.2752126617	24.9642001719	4.7948943456	0.2216581367	0.2180918645	0.2253513024	0.3323874992	0.3241520888	0.3410583366	1.8793429527	1.8797506295	1.8789399787	378.0000000000
13961250.00	1.396125E+07	0.0186477809	7.1326800271	1.793509E+08	6.025190E-09	2.442727E+06	8752.5004472179	548.5161126381	24.9355629588	4.7576637812	0.2231909135	0.2194842202	0.2269271661	0.3355956499	0.3268557632	0.3444291798	1.8787609184	1.8791641305	1.8783624280	379.0000000000
14016000.00	1.401600E+07	0.0185523121	7.1046335769	1.796336E+08	6.034685E-09	2.455202E+06	8840.3465197045	549.7512187952	24.9074189427	4.7206341301	0.2247897432	0.2210749985	0.2285196700	0.3390473052	0.3302674065	0.3478722112	1.8781893390	1.8785879751	1.8777954405	380.0000000000
14070750.00	1.407075E+07	0.0184609192	7.0769423261	1.799315E+08	6.044695E-09	2.467047E+06	8928.7695810337	550.9699503476	24.8800258999	4.6837727365	0.2264101127	0.2227063945	0.2301254636	0.3425666453	0.3338115763	0.3513563697	1.8776293982	1.8780233494	1.8772401965	381.0000000000
14125500.00	1.412550E+07	0.0183736102	7.0495892358	1.802456E+08	6.055246E-09	2.478208E+06	9017.7240690255	552.1698053734	24.8534183107	4.6470479159	0.2280453005	0.2243568497	0.2317432004	0.3461289340	0.3374112274	0.3548757921	1.8770815088	1.8774706773	1.8766970991	382.0000000000
14180250.00	1.418025E+07	0.0182902702	7.0225584078	1.805771E+08	6.066384E-09	2.488671E+06	9107.2455715504	553.3491234606	24.8276007230	4.6104290340	0.2296935308	0.2260227469	0.2333717829	0.3497292326	0.3410549442	0.3584278961	1.8765459791	1.8769302726	1.8761664490	383.0000000000
14235000.00	1.423500E+07	0.0182107730	6.9958341615	1.809277E+08	6.078160E-09	2.498430E+06	9197.3839078003	554.5052466387	24.8025732393	4.5738865806	0.2313535571	0.2277025119	0.2350100678	0.3533647387	0.3447387734	0.3620102579	1.8760230770	1.8764024125	1.8756485097	384.0000000000
14289750.00	1.428975E+07	0.0181349920	6.9694009254	1.812988E+08	6.090629E-09	2.507483E+06	9288.1972181375	555.6346028088	24.7783338460	4.5373922436	0.2330242303	0.2293949839	0.2366569111	0.3570330654	0.3484602929	0.3656205031	1.8755130822	1.8758873799	1.8751435558	385.0000000000
14344500.00	1.434450E+07	0.0180628064	6.9432432460	1.816923E+08	6.103847E-09	2.515825E+06	9379.7487411396	556.7395021724	24.7548806813	4.5009189793	0.2347043492	0.2310989754	0.2383110974	0.3607317194	0.3522170355	0.3692561117	1.8750162477	1.8753854283	1.8746518422	386.0000000000
14399250.00	1.439925E+07	0.0179940978	6.9173458444	1.821096E+08	6.117866E-09	2.523456E+06	9472.1029125632	557.8186163301	24.7322115036	4.4644410845	0.2363926688	0.2328132483	0.2399713750	0.3644580995	0.3560064150	0.3729144679	1.8745328414	1.8748968263	1.8741736367	387.0000000000
14454000.00	1.445400E+07	0.0179287524	6.8916937604	1.825526E+08	6.132747E-09	2.530376E+06	9565.3324047120	558.8706970470	24.7103234932	4.4279342664	0.2380878823	0.2345365291	0.2416363989	0.3682094628	0.3598257596	0.3765927475	1.8740631414	1.8744218509	1.8737092182	388.0000000000
14508750.00	1.450875E+07	0.0178666610	6.8662721512	1.830229E+08	6.148548E-09	2.536585E+06	9659.5159073050	559.8945779478	24.6892135978	4.3913757079	0.2397886290	0.2362674590	0.2433048145	0.3719829626	0.3636722250	0.3802881198	1.8736074188	1.8739607704	1.8732588615	389.0000000000
14563500.00	1.456350E+07	0.0178077190	6.8410666441	1.835225E+08	6.165330E-09	2.542087E+06	9754.7340421747	560.8875077399	24.6688783216	4.3547441340	0.2414934868	0.2380046500	0.2449751633	0.3757756059	0.3675428876	0.3839975194	1.8731659705	1.8735138791	1.8728228666	390.0000000000
14618250.00	1.461825E+07	0.0177518264	6.8160631671	1.840531E+08	6.183155E-09	2.546884E+06	9851.0742649644	561.8487334395	24.6493140041	4.3180198756	0.2432009738	0.2397466272	0.2466459533	0.3795842747	0.3714346361	0.3877178136	1.8727390920	1.8730814689	1.8724015328	391.0000000000
14673000.00	1.467300E+07	0.0176988877	6.7912479867	1.846166E+08	6.202088E-09	2.550981E+06	9948.6298761263	562.7786946980	24.6305169270	4.2811849320	0.2449095605	0.2414918806	0.2483156391	0.3834057826	0.3753443277	0.3914457841	1.8723271034	1.8726638533	1.8719951875	392.0000000000
14727750.00	1.472775E+07	0.0176488127	6.7666078907	1.852151E+08	6.222192E-09	2.554383E+06	1.004750E+04	563.6763146551	24.6124826233	4.2442230275	0.2466176253	0.2432388105	0.2499825786	0.3872367078	0.3792685745	0.3951779744	1.8719303269	1.8722613521	1.8716041559	393.0000000000
14782500.00	1.478250E+07	0.0176015146	6.7421301019	1.858504E+08	6.243536E-09	2.557096E+06	1.014778E+04	564.5412973179	24.5952073192	4.2071196710	0.2483235111	0.2449857854	0.2516450921	0.3910735877	0.3832039620	0.3989108889	1.8715491202	1.8718743142	1.8712288047	394.0000000000
14837250.00	1.483725E+07	0.0175569142	6.7178023362	1.865247E+08	6.266190E-09	2.559127E+06	1.024959E+04	565.3740263464	24.5786853367	4.1698622106	0.2500254847	0.2467310823	0.2533014317	0.3949128035	0.3871468822	0.4026408834	1.8711838377	1.8715030887	1.8708694949	395.0000000000
14892000.00	1.489200E+07	0.0175149356	6.6936128730	1.872401E+08	6.290223E-09	2.560484E+06	1.035303E+04	566.1743334694	24.5629130546	4.1324398851	0.2517217423	0.2484729307	0.2549497602	0.3987506119	0.3910936558	0.4063641540	1.8708348727	1.8711480569	1.8705266322	396.0000000000
14946750.00	1.494675E+07	0.0174755090	6.6695505791	1.879989E+08	6.315712E-09	2.561174E+06	1.045824E+04	566.9418204105	24.5478855021	4.0948438746	0.2534104201	0.2502094795	0.2565882040	0.4025831384	0.3950404159	0.4100768284	1.8705026298	1.8708096151	1.8702006315	397.0000000000
15001500.00	1.500150E+07	0.0174385700	6.6456048578	1.888031E+08	6.342732E-09	2.561208E+06	1.056533E+04	567.6761930058	24.5335979573	4.0570673477	0.2550895573	0.2519388054	0.2582147655	0.4064063394	0.3989831810	0.4137748029	1.8701875629	1.8704882034	1.8698919613	398.0000000000
15056250.00	1.505625E+07	0.0174040604	6.6217658017	1.896553E+08	6.371361E-09	2.560595E+06	1.067444E+04	568.3772276541	24.5200454544	4.0191055057	0.2567571268	0.2536589030	0.2598273892	0.4102160569	0.4029178253	0.4174538766	1.8698901441	1.8701842753	1.8696011141	399.0000000000
15111000.00	1.511100E+07	0.0173719289	6.5980241062	1.905579E+08	6.401682E-09	2.559345E+06	1.078572E+04	569.0447590234	24.5072230167	3.9809556232	0.2584110089	0.2553676999	0.2614239090	0.4140079733	0.4068401014	0.4211096674	1.8696108816	1.8698983229	1.8693286183	400.0000000000
15165750.00	1.516575E+07	0.0173421310	6.5743711755	1.915134E+08	6.433781E-09	2.557468E+06	1.089930E+04	569.6787540963	24.4951260683	3.9426170886	0.2600489746	0.2570630035	0.2630020512	0.4177775789	0.4107455431	0.4247376082	1.8693503517	1.8696308942	1.8690750792	401.0000000000
15220500.00	1.522050E+07	0.0173146302	6.5507990923	1.925244E+08	6.467745E-09	2.554977E+06	1.101534E+04	570.2793510085	24.4837497275	3.9040914385	0.2616686637	0.2587425174	0.2645593839	0.4215201602	0.4146295435	0.4283328668	1.8691091802	1.8693825871	1.8688411580	402.0000000000
15275250.00	1.527525E+07	0.0172893996	6.5273006468	1.935937E+08	6.503668E-09	2.551883E+06	1.113402E+04	570.8453366173	24.4730896721	3.8653823889	0.2632675944	0.2604038345	0.2660933523	0.4252308150	0.4184873084	0.4318904422	1.8688880824	1.8691540720	1.8686276166	403.0000000000
15330000.00	1.533000E+07	0.0172664227	6.5038693590	1.947242E+08	6.541646E-09	2.548197E+06	1.125548E+04	571.3755805040	24.4631412149	3.8264958664	0.2648430903	0.2620443775	0.2676011639	0.4289043289	0.4223137751	0.4354049407	1.8686878592	1.8689461023	1.8684353115	404.0000000000
15384750.00	1.538475E+07	0.0172456988	6.4804994940	1.959190E+08	6.581783E-09	2.543932E+06	1.137993E+04	571.8726972187	24.4539012093	3.7874400319	0.2663922498	0.2636613605	0.2690797865	0.4325351455	0.4261035584	0.4388706115	1.8685094537	1.8687595521	1.8682652606	405.0000000000
15439500.00	1.543950E+07	0.0172272426	6.4571860971	1.971812E+08	6.624187E-09	2.539099E+06	1.150755E+04	572.3370036589	24.4453650045	3.7482253027	0.2679119084	0.2652517795	0.2705258238	0.4361173264	0.4298509762	0.4422811447	1.8683539603	1.8685954415	1.8681186801	406.0000000000
15494250.00	1.549425E+07	0.0172110936	6.4339249038	1.985143E+08	6.668972E-09	2.533712E+06	1.163855E+04	572.7690325299	24.4375308968	3.7088643729	0.2693984382	0.2668122311	0.2719352485	0.4396442463	0.4335497642	0.4456292711	1.8682227864	1.8684550619	1.8679972015	407.0000000000
15549000.00	1.554900E+07	0.0171973252	6.4107123646	1.999221E+08	6.716267E-09	2.527781E+06	1.177315E+04	573.1653008437	24.4303985096	3.6693722232	0.2708471881	0.2683391453	0.2733017113	0.4431078216	0.4371936085	0.4489040999	1.8681180597	1.8683399032	1.8679039300	408.0000000000
15603750.00	1.560375E+07	0.0171860764	6.3875452942	2.014094E+08	6.766232E-09	2.521314E+06	1.191160E+04	573.5272525637	24.4239809762	3.6297661375	0.2722487337	0.2698268701	0.2746052980	0.4464931939	0.4407739474	0.4520732003	1.8680455644	1.8682536134	1.8678505458	409.0000000000
15658500.00	1.565850E+07	0.0171777128	6.3644180074	2.029868E+08	6.819225E-09	2.514292E+06	1.205440E+04	573.8551837983	24.4183755810	3.5900657046	0.2735625044	0.2712625886	0.2757318729	0.4497411490	0.4442782019	0.4549533294	1.8680343406	1.8682099060	1.8679057167	410.0000000000
15713250.00	1.571325E+07	0.0171738657	6.3413027908	2.047065E+08	6.876996E-09	2.506506E+06	1.220352E+04	574.1278832885	24.4142805252	3.5502928253	0.2745282732	0.2725823503	0.2758970923	0.4524776142	0.4476639472	0.4562821041	1.8682716178	1.8682922425	1.8685275588	411.0000000000
15768000.00	1.576800E+07	0.0171845455	6.3180121037	2.069217E+08	6.951415E-09	2.496476E+06	1.237221E+04	574.2561625944	24.4166124102	3.5104717058	0.2733300043	0.2733564560	0.2696823759	0.4520813734	0.4506644042	0.4472986545	1.8700325086	1.8690645792	1.8728447352	412.0000000000
15822750.00	1.582275E+07	0.0172224751	6.2943647873	2.106625E+08	7.077085E-09	2.481154E+06	1.261615E+04	573.5156385204	24.4406073298	3.4706288562	0.2638882072	0.2719444752	0.2586373798	0.4396332242	0.4519550407	0.4320524926	1.8820459630	1.8743568669	1.8818719667	413.0000000000
15877500.00	1.587750E+07	0.0173080494	6.2699368270	2.165593E+08	7.275184E-09	2.459092E+06	1.295256E+04	572.0811973916	24.4883265990	3.4307930777	0.2451444511	0.2672330555	0.1975462314	0.4132544848	0.4496769441	0.3322923204	1.9046871720	1.8842594748	1.9558493948	414.0000000000
15932250.00	1.593225E+07	0.0174080636	6.2461359837	2.321437E+08	7.798734E-09	2.421215E+06	1.391928E+04	563.9815667359	24.6446038145	3.3909954479	0.1145622865	0.1437546933	0.0961236991	0.1654777065	0.2342645992	0.1189841612	2.5944112816	2.3217119587	2.8045810043	415.0000000000
15987000.00	1.598700E+07	0.0177009288	6.2180659703	2.477805E+08	8.324042E-09	2.377424E+06	1.464193E+04	561.9100827420	24.7507934744	3.3512693022	0.0873915196	0.1151560981	0.0514589265	0.1141126129	0.1759461803	0.0451495309	2.8061433822	2.6002303704	2.9145652990	416.0000000000
16041750.00	1.604175E+07	0.0213084216	6.1026187376	6.784548E+08	2.279229E-08	2.297862E+06	3.298453E+04	540.6500931582	25.5477687840	3.3116502091	-0.0120027405	-0.0138414462	-0.0101508380	-0.0355643877	-0.0409210863	-0.0301554069	2.9432164674	2.9431217672	2.9432949887	417.0000000000
16096500.00	1.609650E+07	0.0200343707	6.0643675734	7.534412E+08	2.531142E-08	2.846709E+06	3.759088E+04	550.7638583383	25.5991295572	3.2721759419	-2.663029E-05	-0.0019719501	0.0018777614	-7.964007E-05	-0.0057675554	0.0054884286	2.9233680596	2.9234187755	2.9233177339	418.0000000000
16151250.00	1.615125E+07	0.0200041091	6.0450235051	7.475672E+08	2.511408E-08	2.847619E+06	3.755195E+04	553.4196684560	25.5700824779	3.2328864416	-2.092085E-06	-0.0018922735	0.0018481013	-6.124993E-06	-0.0055327071	0.0054033682	2.9238206555	2.9238666554	2.9237750259	419.0000000000
16206000.00	1.620600E+07	0.0199539542	6.0247959750	7.486300E+08	2.514979E-08	2.874062E+06	3.789492E+04	557.5437560448	25.5426757606	3.1938237822	-4.464932E-07	-0.0018361724	0.0017973444	-1.305685E-06	-0.0053685114	0.0052548232	2.9236926266	2.9237385430	2.9236471030	420.0000000000
16260750.00	1.626075E+07	0.0199551701	6.0046521359	7.492820E+08	2.517169E-08	2.897419E+06	3.820848E+04	696.5902098673	25.5162369443	3.1550321233	-5.031982E-07	-0.0017840226	0.0017487680	-1.471418E-06	-0.0052158922	0.0051126605	2.9236161905	2.9236616686	2.9235711342	421.0000000000
16315500.00	1.631550E+07	0.0200214335	5.9845575861	7.498059E+08	2.518929E-08	2.920106E+06	3.851097E+04	697.3245961269	25.4907140088	3.1165576616	-5.011737E-07	-0.0017356908	0.0017064706	-1.465444E-06	-0.0050744467	0.0049888655	2.9235374947	2.9235825290	2.9234929280	422.0000000000
16370250.00	1.637025E+07	0.0201814260	5.9645409482	7.502383E+08	2.520382E-08	2.942027E+06	3.880332E+04	698.0014743613	25.4659843094	3.0784485760	-4.923681E-07	-0.0016935909	0.0016737296	-1.439645E-06	-0.0049512310	0.0048930177	2.9234608159	2.9235053589	2.9234168130	423.0000000000
16425000.00	1.642500E+07	0.0204767231	5.9446334497	7.506237E+08	2.521677E-08	2.963338E+06	3.908735E+04	698.6285301479	25.4418776168	3.0407549688	-4.793834E-07	-0.0016610350	0.0016550852	-1.401628E-06	-0.0048559257	0.0048383869	2.9233856440	2.9234296232	2.9233423224	424.0000000000
16479750.00	1.647975E+07	0.0209681668	5.9248737888	7.510266E+08	2.523030E-08	2.984240E+06	3.936583E+04	699.2152937384	25.4181564279	3.0035287958	-4.625066E-07	-0.0016425591	0.0016564749	-1.352236E-06	-0.0048017884	0.0048423269	2.9233118106	2.9233551075	2.9232693631	425.0000000000
16534500.00	1.653450E+07	0.0217434997	5.9053095481	7.515330E+08	2.524731E-08	3.005030E+06	3.964261E+04	699.7731858058	25.3944968248	2.9668238013	-4.351039E-07	-0.0016440997	0.0016851005	-1.272074E-06	-0.0048061693	0.0049258851	2.9232390091	2.9232814294	2.9231977504	426.0000000000
16589250.00	1.658925E+07	0.0229267024	5.8859982350	7.522578E+08	2.527166E-08	3.026099E+06	3.992298E+04	700.3163351523	25.3704705541	2.9306954358	-4.071321E-07	-0.0016728523	0.0017485634	-1.190253E-06	-0.0048900978	0.0051112756	2.9231670478	2.9232082763	2.9231274787	427.0000000000
16644000.00	1.664400E+07	0.0246872587	5.8670059074	7.533438E+08	2.530815E-08	3.047950E+06	4.021361E+04	700.8612588750	25.3455382833	2.8952007771	-3.721226E-07	-0.0017364397	0.0018530009	-1.087863E-06	-0.0050758492	0.0054164311	2.9230956965	2.9231352278	2.9230585792	428.0000000000
16698750.00	1.669875E+07	0.0272457640	5.8484025535	7.549574E+08	2.536235E-08	3.071168E+06	4.052234E+04	701.4258966832	25.3190709056	2.8603984388	-3.340623E-07	-0.0018410476	0.0019952822	-9.765611E-07	-0.0053814970	0.0058321976	2.9230249836	2.9230620509	2.9229936952	429.0000000000
16753500.00	1.675350E+07	0.0308681671	5.8302423690	7.572516E+08	2.543943E-08	3.096290E+06	4.085635E+04	702.0257470882	25.2905348457	2.8263484806	-2.954347E-07	-0.0019835972	0.0021591398	-8.636092E-07	-0.0057980330	0.0063110326	2.9229576537	2.9229888499	2.9229381843	430.0000000000
16808250.00	1.680825E+07	0.0358355039	5.8125326540	7.603167E+08	2.554240E-08	3.123616E+06	4.121972E+04	702.6680870181	25.2599426793	2.7931123051	-2.572695E-07	-0.0021480099	0.0023422150	-7.520199E-07	-0.0062784593	0.0068460449	2.9228994432	2.9229188175	2.9228931847	431.0000000000
16863000.00	1.686300E+07	0.0423726025	5.7952854814	7.642359E+08	2.567406E-08	3.153420E+06	4.161611E+04	703.3589489436	25.2272881190	2.7607525552	-2.220455E-07	-0.0023319155	0.0025253673	-6.490380E-07	-0.0068158583	0.0073812944	2.9228514919	2.9228576581	2.9228592964	432.0000000000
16917750.00	1.691775E+07	0.0505369936	5.7784861046	7.690202E+08	2.583479E-08	3.185699E+06	4.204555E+04	704.0960355489	25.1927278788	2.7293329996	-1.887619E-07	-0.0025161070	0.0026878705	-5.517372E-07	-0.0073540968	0.0078562076	2.9228148185	2.9228069193	2.9228364063	433.0000000000
16972500.00	1.697250E+07	0.0600972535	5.7620918495	7.746018E+08	2.602230E-08	3.220163E+06	4.250415E+04	704.8689482821	25.1567509950	2.6989184191	-1.617226E-07	-0.0026797228	0.0028142031	-4.726951E-07	-0.0078322103	0.0082254219	2.9227896681	2.9227679790	2.9228236835	434.0000000000
17027250.00	1.702725E+07	0.0704785964	5.7460441013	7.808513E+08	2.623224E-08	3.256292E+06	4.298495E+04	705.6619856855	25.1202510998	2.6695744839	-1.387756E-07	-0.0028070441	0.0028970901	-4.056194E-07	-0.0082042666	0.0084676754	2.9227754144	2.9227412879	2.9228197988	435.0000000000
17082000.00	1.708200E+07	0.0808543982	5.7302824639	7.876104E+08	2.645931E-08	3.293463E+06	4.347961E+04	706.4576068608	25.0841372348	2.6413676239	-1.184505E-07	-0.0028906444	0.0029368623	-3.462100E-07	-0.0084485657	0.0085839326	2.9227708412	2.9227263365	2.9228233036	436.0000000000
17136750.00	1.713675E+07	0.0903754742	5.7147562885	7.947186E+08	2.669811E-08	3.331048E+06	4.397966E+04	707.2395552410	25.0488088698	2.6143648951	-1.034833E-07	-0.0029307823	0.0029386672	-3.024628E-07	-0.0085658641	0.0085892356	2.9227744089	2.9227218194	2.9228327988	437.0000000000
17191500.00	1.719150E+07	0.0984154176	5.6994301750	8.020332E+08	2.694384E-08	3.368488E+06	4.447758E+04	707.9944018623	25.0145006088	2.5886338441	-8.724794E-08	-0.0029326340	0.0029096083	-2.550099E-07	-0.0085712883	0.0085043428	2.9227845811	2.9227260599	2.9228470905	438.0000000000
17246250.00	1.724625E+07	0.1046965952	5.6842850544	8.094362E+08	2.719254E-08	3.405317E+06	4.496710E+04	708.7121343961	24.9813736420	2.5642423585	-7.544967E-08	-0.0029033551	0.0028567474	-2.205263E-07	-0.0084857468	0.0083498899	2.9228000607	2.9227374206	2.9228652750	439.0000000000
17301000.00	1.730100E+07	0.1092618396	5.6693160455	8.168360E+08	2.744113E-08	3.441172E+06	4.544334E+04	709.3857349841	24.9495342498	2.5412585213	-6.421973E-08	-0.0028500963	0.0027861901	-1.877040E-07	-0.0083301333	0.0081437195	2.9228197546	2.9227544111	2.9228866272	440.0000000000
17355750.00	1.735575E+07	0.1123563928	5.6545295861	8.241630E+08	2.768728E-08	3.475771E+06	4.590254E+04	710.0107353678	24.9190483151	2.5197504551	-5.339670E-08	-0.0027790473	0.0027028096	-1.560710E-07	-0.0081225340	0.0079000726	2.9228428923	2.9227758945	2.9229106754	441.0000000000
17410500.00	1.741050E+07	0.1143028156	5.6399404468	8.313662E+08	2.792926E-08	3.508907E+06	4.634190E+04	710.5844502090	24.8899555947	2.4997861633	-4.583522E-08	-0.0026951364	0.0026103015	-1.339709E-07	-0.0078773486	0.0076297481	2.9228688914	2.9228009868	2.9229370693	442.0000000000
17465250.00	1.746525E+07	0.1154146863	5.6255693402	8.384079E+08	2.816583E-08	3.540426E+06	4.675937E+04	711.1056816442	24.8622780212	2.4814333654	-3.948404E-08	-0.0026020897	0.0025113668	-1.154081E-07	-0.0076054643	0.0073406395	2.9228973151	2.9228290195	2.9229655416	443.0000000000
17520000.00	1.752000E+07	0.1159547081	5.6114409079	8.452621E+08	2.839609E-08	3.570213E+06	4.715349E+04	711.5740045434	24.8360251434	2.4647593298	-3.298629E-08	-0.0025026610	0.0024079760	-9.641680E-08	-0.0073149275	0.0070385049	2.9229278972	2.9228595571	2.9229959456	444.0000000000
17574750.00	1.757475E+07	0.1161240483	5.5975824972	8.519085E+08	2.861937E-08	3.598191E+06	4.752316E+04	711.9896737276	24.8111989650	2.4498307006	-2.800140E-08	-0.0023988146	0.0023015136	-8.184713E-08	-0.0070114773	0.0067273896	2.9229604207	2.9228922616	2.9230281482	445.0000000000
17629500.00	1.762950E+07	0.1160681687	5.5840230912	8.583337E+08	2.883522E-08	3.624301E+06	4.786766E+04	712.3533922335	24.7877948053	2.4367133226	-2.439879E-08	-0.0022919547	0.0021929638	-7.131764E-08	-0.0066992165	0.0064101697	2.9229947518	2.9229269167	2.9230620718	446.0000000000
17684250.00	1.768425E+07	0.1158881416	5.5707927930	8.645276E+08	2.904330E-08	3.648502E+06	4.818646E+04	712.6662042638	24.7658058737	2.4254720615	-2.030896E-08	-0.0021830705	0.0020830246	-5.936377E-08	-0.0063810354	0.0060888848	2.9230308018	2.9229633759	2.9230976669	447.0000000000
17739000.00	1.773900E+07	0.1156523450	5.5579222523	8.704824E+08	2.924335E-08	3.670769E+06	4.847925E+04	712.9290731898	24.7452207307	2.4161706212	-1.813257E-08	-0.0020728556	0.0019721900	-5.300278E-08	-0.0060589604	0.0057649777	2.9230685009	2.9230015318	2.9231348882	448.0000000000
17793750.00	1.779375E+07	0.1154062393	5.5454425669	8.761934E+08	2.943521E-08	3.691086E+06	4.874584E+04	713.1433136178	24.7260277675	2.4088713578	-1.465479E-08	-0.0019618038	0.0018608186	-4.283755E-08	-0.0057344339	0.0054394963	2.9231078047	2.9230413145	2.9231737086	449.0000000000
17848500.00	1.784850E+07	0.1151795879	5.5333850626	8.816565E+08	2.961874E-08	3.709445E+06	4.898616E+04	713.3102195388	24.7082130293	2.4036350941	-1.412912E-08	-0.0018502820	0.0017491744	-4.130154E-08	-0.0054085275	0.0051132115	2.9231486795	2.9230826739	2.9232141052	450.0000000000
17903250.00	1.790325E+07	0.1149917521	5.5217812449	8.868686E+08	2.979383E-08	3.725848E+06	4.920023E+04	713.4311406104	24.6917618622	2.4005209291	-1.194266E-08	-0.0017385406	0.0016374592	-3.491070E-08	-0.0050819727	0.0047867125	2.9231911002	2.9231255732	2.9232560606	451.0000000000
17958000.00	1.795800E+07	0.1148552432	5.5106628582	8.918280E+08	2.996044E-08	3.740299E+06	4.938815E+04	713.5073866932	24.6766593564	2.3995860467	-1.058314E-08	-0.0016267878	0.0015258278	-3.093702E-08	-0.0047553775	0.0044604517	2.9232350465	2.9231699851	2.9232995588	452.0000000000
18012750.00	1.801275E+07	0.1147781268	5.5000617576	8.965336E+08	3.011852E-08	3.752810E+06	4.955010E+04	713.5403037606	24.6628891054	2.4008855271	-9.157847E-09	-0.0015151633	0.0014143937	-2.677096E-08	-0.0044291494	0.0041347603	2.9232805061	2.9232158924	2.9233445912	453.0000000000
18067500.00	1.806750E+07	0.1147656226	5.4900100425	9.009845E+08	3.026805E-08	3.763394E+06	4.968631E+04	713.5312753705	24.6504357192	2.4044721522	-8.502680E-09	-0.0014037955	0.0013032605	-2.485612E-08	-0.0041036639	0.0038099402	2.9233274701	2.9232632836	2.9233911505	454.0000000000
18122250.00	1.812225E+07	0.1148211263	5.4805400111	9.051806E+08	3.040901E-08	3.772073E+06	4.979705E+04	713.4815932861	24.6392830240	2.4103962160	-6.781575E-09	-0.0012927693	0.0011925013	-1.982510E-08	-0.0037791683	0.0034862051	2.9233759367	2.9233121544	2.9234392361	455.0000000000
18177000.00	1.817700E+07	0.1149469066	5.4716842290	9.091219E+08	3.054142E-08	3.778868E+06	4.988265E+04	713.3925140774	24.6294151387	2.4187053339	-5.188362E-09	-0.0011821527	0.0010821694	-1.516779E-08	-0.0034558610	0.0031637102	2.9234259002	2.9233624985	2.9234888434	456.0000000000
18231750.00	1.823175E+07	0.1151445546	5.4634756366	9.128087E+08	3.066528E-08	3.783805E+06	4.994347E+04	713.2653223401	24.6208165122	2.4294442534	-6.453919E-09	-0.0010720167	0.0009723207	-1.886789E-08	-0.0031339489	0.0028426185	2.9234773511	2.9234143044	2.9235399639	457.0000000000
18286500.00	1.828650E+07	0.1154152473	5.4559473989	9.162421E+08	3.078062E-08	3.786912E+06	4.997991E+04	713.1013057804	24.6134717718	2.4426546694	-4.133713E-09	-0.0009623942	0.0008629911	-1.208503E-08	-0.0028135284	0.0025230345	2.9235303002	2.9234675835	2.9235926078	458.0000000000
18341250.00	1.834125E+07	0.1157599372	5.4491331874	9.194228E+08	3.088748E-08	3.788219E+06	4.999240E+04	712.9016119851	24.6073660575	2.4583750386	-4.608261E-09	-0.0008533224	0.0007542009	-1.347264E-08	-0.0024947072	0.0022050170	2.9235847401	2.9235223272	2.9236467686	459.0000000000
18396000.00	1.839600E+07	0.1161794853	5.4430669629	9.223523E+08	3.098589E-08	3.787760E+06	4.998140E+04	712.6674955277	24.6024849254	2.4766404013	-3.341885E-09	-0.0007448233	0.0006459707	-9.770469E-09	-0.0021775496	0.0018886261	2.9236406905	2.9235785557	2.9237024659	460.0000000000
18450750.00	1.845075E+07	0.1166747201	5.4377832081	9.250317E+08	3.107590E-08	3.785568E+06	4.994737E+04	712.4000750234	24.5988145377	2.4974822051	-2.968810E-09	-0.0006369139	0.0005383072	-8.679903E-09	-0.0018621045	0.0015738808	2.9236981490	2.9236362661	2.9237596973	461.0000000000
18505500.00	1.850550E+07	0.1172464924	5.4333168389	9.274626E+08	3.115757E-08	3.781679E+06	4.989083E+04	712.1004866002	24.5963416751	2.5209281343	-3.678953E-09	-0.0005295922	0.0004312039	-1.075636E-08	-0.0015483662	0.0012607618	2.9237571259	2.9236954691	2.9238184728	462.0000000000
18560250.00	1.856025E+07	0.1178957097	5.4297032440	9.296465E+08	3.123093E-08	3.776130E+06	4.981226E+04	711.7697870148	24.5950537402	2.5470019470	-3.377891E-09	-0.0004228632	0.0003246653	-9.876336E-09	-0.0012363489	0.0009492819	2.9238176241	2.9237561672	2.9238787956	463.0000000000
18615000.00	1.861500E+07	0.1186233563	5.4269782909	9.315853E+08	3.129607E-08	3.768960E+06	4.971219E+04	711.4091185121	24.5949396048	2.5757233159	-1.467337E-09	-0.0003167083	0.0002186663	-4.290317E-09	-0.0009259976	0.0006393673	2.9238796614	2.9238183786	2.9239406830	464.0000000000
18669750.00	1.866975E+07	0.1194305114	5.4251783881	9.332808E+08	3.135303E-08	3.760207E+06	4.959115E+04	711.0194285935	24.5959880722	2.6071076791	-5.127582E-10	-0.0002111185	0.0001131938	-1.499276E-09	-0.0006172857	0.0003309791	2.9239432569	2.9238821229	2.9240041538	465.0000000000
18724500.00	1.872450E+07	0.1203183602	5.4243403839	9.347350E+08	3.140188E-08	3.749909E+06	4.944969E+04	710.6016466035	24.5981895076	2.6411660982	-2.102025E-09	-0.0001060759	8.221581E-06	-6.146338E-09	-0.0003101604	2.404047E-05	2.9240084129	2.9239474018	2.9240692107	466.0000000000
18779250.00	1.877925E+07	0.1212881516	5.4245016696	9.359495E+08	3.144268E-08	3.738107E+06	4.928833E+04	710.1568057662	24.6015342534	2.6779051261	-1.444031E-09	-1.545733E-06	-9.628096E-05	-4.222456E-09	-4.519744E-06	-0.0002815386	2.9240751574	2.9240142445	2.9241358805	467.0000000000
18834000.00	1.883400E+07	0.1223412828	5.4257000630	9.369265E+08	3.147550E-08	3.724840E+06	4.910761E+04	709.6857371083	24.6060149735	2.7173266846	-1.185151E-09	0.0001025067	-0.0002003490	-3.465551E-09	0.0002997380	-0.0005858614	2.9241435036	2.9240826642	2.9242041760	468.0000000000
18888750.00	1.888875E+07	0.1234792253	5.4279738580	9.376677E+08	3.150040E-08	3.710150E+06	4.890809E+04	709.1892827315	24.6116236565	2.7594279517	-1.350116E-09	0.0002061059	-0.0003040164	-3.948028E-09	0.0006026851	-0.0008890274	2.9242134654	2.9241526754	2.9242741112	469.0000000000
18943500.00	1.894350E+07	0.1247035684	5.4313617609	9.381750E+08	3.151744E-08	3.694076E+06	4.869030E+04	708.6682746312	24.6183541602	2.8042012627	-1.257585E-09	0.0003092926	-0.0004073181	-3.677538E-09	0.0009044410	-0.0011911389	2.9242850584	2.9242242942	2.9243457009	470.0000000000
18998250.00	1.899825E+07	0.1260160065	5.4359028450	9.384506E+08	3.152670E-08	3.676658E+06	4.845478E+04	708.1235121911	24.6262012873	2.8516340225	-1.431339E-09	0.0004121042	-0.0005102947	-4.185749E-09	0.0012051153	-0.0014923155	2.9243583243	2.9242975627	2.9244189858	471.0000000000
19053000.00	1.905300E+07	0.1274183438	5.4416364970	9.384959E+08	3.152822E-08	3.657936E+06	4.820206E+04	707.5556347271	24.6351599440	2.9017086307	-1.632314E-09	0.0005145712	-0.0006129707	-4.773594E-09	0.0015047978	-0.0017926292	2.9244332591	2.9243724778	2.9244939617	472.0000000000
19107750.00	1.910775E+07	0.1289124712	5.4486023627	9.383132E+08	3.152209E-08	3.637951E+06	4.793270E+04	706.9654466039	24.6452268744	2.9544024211	2.668696E-10	0.0006167447	-0.0007154011	7.804627E-10	0.0018036385	-0.0020922411	2.9245099048	2.9244490816	2.9245706701	473.0000000000
19162500.00	1.916250E+07	0.1305003999	5.4568402719	9.379040E+08	3.150834E-08	3.616741E+06	4.764721E+04	706.3534961803	24.6563989320	3.0096876168	3.587741E-10	0.0007186602	-0.0008176180	1.049266E-09	0.0021017414	-0.0023912459	2.9245882729	2.9245273864	2.9246491213	474.0000000000
19217250.00	1.921725E+07	0.1321842086	5.4663901468	9.372703E+08	3.148705E-08	3.594346E+06	4.734612E+04	705.7204902558	24.6686740592	3.0675313004	-8.694023E-10	0.0008203502	-0.0009196548	-2.542713E-09	0.0023992024	-0.0026897414	2.9246683879	2.9246074187	2.9247293385	475.0000000000
19272000.00	1.927200E+07	0.1339661147	5.4772918946	9.364136E+08	3.145827E-08	3.570805E+06	4.702995E+04	705.0668627298	24.6820505409	3.1278953982	-6.528637E-11	0.0009218637	-0.0010215559	-1.909463E-10	0.0026961647	-0.0029878584	2.9247502692	2.9246891971	2.9248113412	476.0000000000
19326750.00	1.932675E+07	0.1358483711	5.4895852967	9.353354E+08	3.142205E-08	3.546158E+06	4.669920E+04	704.3932610354	24.6965280444	3.1907366848	-7.489191E-10	0.0010232184	-0.0011233351	-2.190464E-09	0.0029926814	-0.0032856373	2.9248339373	2.9247727444	2.9248951479	477.0000000000
19381500.00	1.938150E+07	0.1378333942	5.5033099026	9.340378E+08	3.137846E-08	3.520441E+06	4.635441E+04	703.7001554010	24.7121061936	3.2560068018	4.614175E-10	0.0011244658	-0.0012250401	1.349609E-09	0.0032889029	-0.0035832187	2.9249194201	2.9248580885	2.9249807865	478.0000000000
19436250.00	1.943625E+07	0.1399236120	5.5185048392	9.325220E+08	3.132753E-08	3.493694E+06	4.599607E+04	702.9879699064	24.7287861388	3.3236522962	-6.277292E-10	0.0012256403	-0.0013267062	-1.836112E-09	0.0035849309	-0.0038807063	2.9250067415	2.9249452553	2.9250682786	479.0000000000
19491000.00	1.949100E+07	0.1421215920	5.5352087383	9.307896E+08	3.126934E-08	3.465954E+06	4.562468E+04	702.2571937567	24.7465683475	3.3936146767	-9.065239E-10	0.0013267508	-0.0014283360	-2.651669E-09	0.0038807916	-0.0041781078	2.9250959069	2.9250342507	2.9251576295	480.0000000000
19545750.00	1.954575E+07	0.1444299306	5.5534594705	9.288421E+08	3.120391E-08	3.437259E+06	4.524074E+04	701.5081826126	24.7654548906	3.4658304888	-6.871462E-11	0.0014278387	-0.0015299678	-2.010031E-10	0.0041766070	-0.0044755367	2.9251869544	2.9251251143	2.9252488751	481.0000000000
19600500.00	1.960050E+07	0.1468513575	5.5732940506	9.266810E+08	3.113131E-08	3.407644E+06	4.484472E+04	700.7412424846	24.7854476838	3.5402314074	-2.579472E-10	0.0015289352	-0.0016316278	-7.545677E-10	0.0044724687	-0.0047730692	2.9252798778	2.9252178414	2.9253420080	482.0000000000
19655250.00	1.965525E+07	0.1493886319	5.5947483721	9.243075E+08	3.105157E-08	3.377147E+06	4.443712E+04	699.9567345021	24.8065493065	3.6167443525	3.558934E-10	0.0016300492	-0.0017333235	1.041122E-09	0.0047684032	-0.0050707287	2.9253747035	2.9253124585	2.9254370546	483.0000000000
19710000.00	1.971000E+07	0.1520446008	5.6178570555	9.217230E+08	3.096475E-08	3.345804E+06	4.401841E+04	699.1549966274	24.8287620326	3.6952916203	3.077833E-10	0.0017312102	-0.0018350760	9.004113E-10	0.0050644980	-0.0053685774	2.9254714579	2.9254089951	2.9255340376	484.0000000000
19764750.00	1.976475E+07	0.1548221706	5.6426531956	9.189287E+08	3.087087E-08	3.313649E+06	4.358906E+04	698.3362902938	24.8520900960	3.7757910368	1.951332E-10	0.0018324236	-0.0019368909	5.708760E-10	0.0053607688	-0.0056666318	2.9255701379	2.9255074486	2.9256329540	485.0000000000
19819500.00	1.981950E+07	0.1577242975	5.6691681092	9.159260E+08	3.077000E-08	3.280718E+06	4.314952E+04	697.5009071467	24.8765359608	3.8581561289	-1.223364E-09	0.0019337110	-0.0020387818	-3.579161E-09	0.0056572801	-0.0059649330	2.9256707582	2.9256078353	2.9257338164	486.0000000000
19874250.00	1.987425E+07	0.1607540120	5.6974311508	9.127160E+08	3.066216E-08	3.247046E+06	4.270027E+04	696.6494156992	24.9021034018	3.9422963172	-1.370101E-10	0.0020350663	-0.0021407332	-4.008605E-10	0.0059540143	-0.0062634357	2.9257733208	2.9257101589	2.9258366256	487.0000000000
19929000.00	1.992900E+07	0.1639143823	5.7274693977	9.092999E+08	3.054740E-08	3.212667E+06	4.224175E+04	695.7826888016	24.9287959761	4.0281171265	-4.182759E-10	0.0021365053	-0.0022427623	-1.223824E-09	0.0062510179	-0.0065621912	2.9258778435	2.9258144389	2.9259413969	488.0000000000
19983750.00	1.998375E+07	0.1672085201	5.7593074045	9.056790E+08	3.042576E-08	3.177615E+06	4.177441E+04	694.9018401107	24.9566172005	4.1155204166	-1.118861E-09	0.0022380200	-0.0023448500	-3.273770E-09	0.0065482689	-0.0068611438	2.9259843129	2.9259206633	2.9260481164	489.0000000000
20038500.00	2.003850E+07	0.1706395728	5.7929669759	9.018542E+08	3.029727E-08	3.141924E+06	4.129869E+04	694.0084242014	24.9855705957	4.2044046298	9.334498E-10	0.0023396050	-0.0024469817	2.731361E-09	0.0068457517	-0.0071602520	2.9260927346	2.9260288391	2.9261567865	490.0000000000
